dialect,standard
취업을 준비하면서 지역 청년 입장에서 AI·데이터 직무 채용정보가 부족한당께당께.,취업을 준비하면서 지역 청년 입장에서 AI·데이터 직무 채용정보가 부족하다.
개인적으로 내 조건에 맞는 주거지원 정책을 자동으로 추천받고 싶다고 생각한당께당께.,개인적으로 내 조건에 맞는 주거지원 정책을 자동으로 추천받고 싶다고 생각합니다.
광주·전남에서 지내다 보니 직장인 입장에서 늦은 시간까지 이용할 수 있는 문화공간이 부족한당께당께.,광주·전남에서 지내다 보니 직장인 입장에서 늦은 시간까지 이용할 수 있는 문화공간이 부족하다.
취업을 준비하면서 경력 초기 청년 입장에서 지역기업의 연봉이나 복지 정보를 비교하기 어렵당께 그리고 청년 할인 혜택을 한눈에 알기 어렵당께라고 느끼당께당께.,취업을 준비하면서 경력 초기 청년 입장에서 지역기업의 연봉이나 복지 정보를 비교하기 어렵다 그리고 청년 할인 혜택을 한눈에 알기 어렵다라고 느낍니다.
개인적으로 현직자 멘토링을 통해 지역기업 정보를 얻을 수 있어 유익했다는 점이 가장 불편한당께당께.,개인적으로 현직자 멘토링을 통해 지역기업 정보를 얻을 수 있어 유익했다는 점이 가장 불편합니다.
개인적으로 내 역량에 맞는 직무를 추천받고 싶다면 좋겠당께,개인적으로 내 역량에 맞는 직무를 추천받고 싶다면 좋겠습니다.
개인적으로 신혼 청년 입장에서 전세나 월세 시세를 비교하기 어렵당께고 생각한당께당께.,개인적으로 신혼 청년 입장에서 전세나 월세 시세를 비교하기 어렵다고 생각합니다.
실제로 이용해보니 현직자 강의는 직무 이해에 도움이 됐다고 생각한당께당께.,실제로 이용해보니 현직자 강의는 직무 이해에 도움이 됐다고 생각합니다.
주변에서도 많이 말하는데 사업 단계에 맞는 지원사업을 자동 추천받고 싶다 또 직장 근처에 적당한 주거지가 부족한당께당께.,주변에서도 많이 말하는데 사업 단계에 맞는 지원사업을 자동 추천받고 싶다 또 직장 근처에 적당한 주거지가 부족하다.
지역에서 생활하면서 최근 일부 노선의 배차가 개선돼 이동이 편해졌다당께.,지역에서 생활하면서 최근 일부 노선의 배차가 개선돼 이동이 편해졌다.
대중교통 이용자 입장에서 지역 간 환승이 불편하다당께.,대중교통 이용자 입장에서 지역 간 환승이 불편하다.
주변에서도 많이 말하는데 주말에 여가를 즐기는 사람 입장에서 지역별 행사 정보를 비교하기 어렵당께 다만 사업 단계에 맞는 지원을 찾기 어렵당께는 의견입니다당께.,주변에서도 많이 말하는데 주말에 여가를 즐기는 사람 입장에서 지역별 행사 정보를 비교하기 어렵다 다만 사업 단계에 맞는 지원을 찾기 어렵다는 의견입니다.
개인적으로 직무전환을 준비하는 사람 입장에서 어떤 기술부터 배워야 할지 모르겠다고 생각한당께당께.,개인적으로 직무전환을 준비하는 사람 입장에서 어떤 기술부터 배워야 할지 모르겠다고 생각합니다.
주변에서도 많이 말하는데 비슷한 관심사의 사람들과 참여할 프로그램을 찾고 싶다면 좋겠당께,주변에서도 많이 말하는데 비슷한 관심사의 사람들과 참여할 프로그램을 찾고 싶다면 좋겠습니다.
취업을 준비하면서 신혼 청년 입장에서 보증금 마련이 부담된다는 부분이 개선됐으면 한당께당께.,취업을 준비하면서 신혼 청년 입장에서 보증금 마련이 부담된다는 부분이 개선됐으면 합니다.
지역에서 생활하면서 공유오피스 지원이 초기 창업자에게 유용했다는 부분이 개선됐으면 한당께당께.,지역에서 생활하면서 공유오피스 지원이 초기 창업자에게 유용했다는 부분이 개선됐으면 합니다.
지역에서 생활하면서 취업준비생 입장에서 필요한 서류를 사전에 확인하기 어렵당께라고 느끼당께당께.,지역에서 생활하면서 취업준비생 입장에서 필요한 서류를 사전에 확인하기 어렵다라고 느낍니다.
실제로 이용해보니 취업준비생 입장에서 청년주택 정보를 찾기 어렵당께는 의견입니다당께.,실제로 이용해보니 취업준비생 입장에서 청년주택 정보를 찾기 어렵다는 의견입니다.
실제로 이용해보니 타지역에서 이주한 청년 입장에서 지원 가능한 주거사업 조건이 복잡하다라고 느끼당께당께.,실제로 이용해보니 타지역에서 이주한 청년 입장에서 지원 가능한 주거사업 조건이 복잡하다라고 느낍니다.
요즘 느끼는 건 지역대학 학생 입장에서 괜찮은 일자리가 어디에 있는지 모르겠다 특히 사업 단계에 맞는 지원을 찾기 어렵당께라고 느끼당께당께.,요즘 느끼는 건 지역대학 학생 입장에서 괜찮은 일자리가 어디에 있는지 모르겠다 특히 사업 단계에 맞는 지원을 찾기 어렵다라고 느낍니다.
개인적으로 청년 사업자 입장에서 공간 지원과 자금 지원 정보를 함께 찾기 어렵당께는 점이 가장 불편한당께당께.,개인적으로 청년 사업자 입장에서 공간 지원과 자금 지원 정보를 함께 찾기 어렵다는 점이 가장 불편합니다.
주변에서도 많이 말하는데 재직 청년 입장에서 어떤 기술부터 배워야 할지 모르겠다당께.,주변에서도 많이 말하는데 재직 청년 입장에서 어떤 기술부터 배워야 할지 모르겠다.
요즘 느끼는 건 대중교통 이용자 입장에서 지역 간 환승이 불편하다고 생각한당께당께.,요즘 느끼는 건 대중교통 이용자 입장에서 지역 간 환승이 불편하다고 생각합니다.
대학생 입장에서 무료 교육은 신청기간을 놓치기 쉽다는 의견입니다당께.,대학생 입장에서 무료 교육은 신청기간을 놓치기 쉽다는 의견입니다.
광주·전남에서 지내다 보니 지역 축제가 생각보다 다양해서 주말에 즐길 거리가 많았다고 생각한당께당께.,광주·전남에서 지내다 보니 지역 축제가 생각보다 다양해서 주말에 즐길 거리가 많았다고 생각합니다.
실제로 이용해보니 출퇴근하는 청년 입장에서 광주와 전남 시군을 오갈 때 시간이 너무 오래 걸린다라고 느끼당께당께.,실제로 이용해보니 출퇴근하는 청년 입장에서 광주와 전남 시군을 오갈 때 시간이 너무 오래 걸린다라고 느낍니다.
광주·전남에서 지내다 보니 내 조건을 입력하면 받을 수 있는 정책을 추천받고 싶다 그리고 초기 고객을 찾기 어렵당께라고 느끼당께당께.,광주·전남에서 지내다 보니 내 조건을 입력하면 받을 수 있는 정책을 추천받고 싶다 그리고 초기 고객을 찾기 어렵다라고 느낍니다.
취업을 준비하면서 직장인 입장에서 주말에 참여할 커뮤니티 프로그램을 찾기 어렵당께는 부분이 개선됐으면 한당께당께.,취업을 준비하면서 직장인 입장에서 주말에 참여할 커뮤니티 프로그램을 찾기 어렵다는 부분이 개선됐으면 합니다.
실제로 이용해보니 프로젝트 기반 교육이 취업 준비에 실제 도움이 됐다당께.,실제로 이용해보니 프로젝트 기반 교육이 취업 준비에 실제 도움이 됐다.
취업을 준비하면서 비전공자 입장에서 프로젝트 경험을 쌓을 기회가 부족한당께 다만 지원 가능한 주거사업 조건이 복잡하다는 부분이 개선됐으면 한당께당께.,취업을 준비하면서 비전공자 입장에서 프로젝트 경험을 쌓을 기회가 부족하다 다만 지원 가능한 주거사업 조건이 복잡하다는 부분이 개선됐으면 합니다.
취업을 준비하면서 보증금과 월세 지원을 한 번에 확인하고 싶당께는 의견입니다당께.,취업을 준비하면서 보증금과 월세 지원을 한 번에 확인하고 싶다는 의견입니다.
실제로 이용해보니 취업준비생 입장에서 직장 근처에 적당한 주거지가 부족한당께당께.,실제로 이용해보니 취업준비생 입장에서 직장 근처에 적당한 주거지가 부족하다.
청년 문화 프로그램에 참여하면서 새로운 사람들을 만날 수 있었다당께.,청년 문화 프로그램에 참여하면서 새로운 사람들을 만날 수 있었다.
취업을 준비하면서 청년 사업자 입장에서 사업 단계에 맞는 지원을 찾기 어렵당께라고 느끼당께당께.,취업을 준비하면서 청년 사업자 입장에서 사업 단계에 맞는 지원을 찾기 어렵다라고 느낍니다.
지역에서 생활하면서 야간 근무자 입장에서 광주와 전남 시군을 오갈 때 시간이 너무 오래 걸린다는 점이 가장 불편한당께당께.,지역에서 생활하면서 야간 근무자 입장에서 광주와 전남 시군을 오갈 때 시간이 너무 오래 걸린다는 점이 가장 불편합니다.
지역에서 생활하면서 청년 사업자 입장에서 공간 지원과 자금 지원 정보를 함께 찾기 어렵당께는 의견입니다당께.,지역에서 생활하면서 청년 사업자 입장에서 공간 지원과 자금 지원 정보를 함께 찾기 어렵다는 의견입니다.
주변에서도 많이 말하는데 사업계획서를 점검해주는 서비스가 있으면 좋겄네는 의견입니다당께.,주변에서도 많이 말하는데 사업계획서를 점검해주는 서비스가 있으면 좋겠다는 의견입니다.
광주·전남에서 지내다 보니 청년 사업자 입장에서 지역의 투자자나 멘토를 만나기 어렵당께당께.,광주·전남에서 지내다 보니 청년 사업자 입장에서 지역의 투자자나 멘토를 만나기 어렵다.
실제로 이용해보니 타지역에서 이주한 청년 입장에서 월세 부담이 너무 크다는 점이 가장 불편한당께당께.,실제로 이용해보니 타지역에서 이주한 청년 입장에서 월세 부담이 너무 크다는 점이 가장 불편합니다.
요즘 느끼는 건 경력 초기 청년 입장에서 괜찮은 일자리가 어디에 있는지 모르겠다당께.,요즘 느끼는 건 경력 초기 청년 입장에서 괜찮은 일자리가 어디에 있는지 모르겠다.
요즘 느끼는 건 주말에 여가를 즐기는 사람 입장에서 혼자 참여하기 좋은 프로그램을 찾기 어렵당께는 의견입니다당께.,요즘 느끼는 건 주말에 여가를 즐기는 사람 입장에서 혼자 참여하기 좋은 프로그램을 찾기 어렵다는 의견입니다.
요즘 느끼는 건 최근 청년주택 공급이 늘어난 점은 긍정적이다는 점이 가장 불편한당께당께.,요즘 느끼는 건 최근 청년주택 공급이 늘어난 점은 긍정적이다는 점이 가장 불편합니다.
내 역량에 맞는 직무를 추천받고 싶다 그리고 청년이 즐길 만한 문화행사 정보를 찾기 어렵당께라고 느끼당께당께.,내 역량에 맞는 직무를 추천받고 싶다 그리고 청년이 즐길 만한 문화행사 정보를 찾기 어렵다라고 느낍니다.
취업을 준비하면서 비전공자 입장에서 지역기업 채용정보를 한눈에 찾기 어렵당께라고 느끼당께당께.,취업을 준비하면서 비전공자 입장에서 지역기업 채용정보를 한눈에 찾기 어렵다라고 느낍니다.
실제로 이용해보니 야간 근무자 입장에서 광주와 전남 시군을 오갈 때 시간이 너무 오래 걸린다 또 내가 어떤 지원을 받을 수 있는지 판단하기 어렵당께면 좋겠당께,실제로 이용해보니 야간 근무자 입장에서 광주와 전남 시군을 오갈 때 시간이 너무 오래 걸린다 또 내가 어떤 지원을 받을 수 있는지 판단하기 어렵다면 좋겠습니다.
광주·전남에서 지내다 보니 광주·전남을 오가는 사람 입장에서 면접이나 출근 시간에 맞는 교통편이 부족한당께당께.,광주·전남에서 지내다 보니 광주·전남을 오가는 사람 입장에서 면접이나 출근 시간에 맞는 교통편이 부족하다.
교육과 채용공고를 연결해서 보여주면 좋겄네고 생각한당께당께.,교육과 채용공고를 연결해서 보여주면 좋겠다고 생각합니다.
광주·전남에서 지내다 보니 신청 마감일과 필요한 서류를 자동으로 알려주면 좋겄네는 의견입니다당께.,광주·전남에서 지내다 보니 신청 마감일과 필요한 서류를 자동으로 알려주면 좋겠다는 의견입니다.
광주·전남에서 지내다 보니 청년 사업자 입장에서 창업지원사업이 너무 많아 어떤 것을 신청해야 할지 모르겠다는 점이 가장 불편한당께당께.,광주·전남에서 지내다 보니 청년 사업자 입장에서 창업지원사업이 너무 많아 어떤 것을 신청해야 할지 모르겠다는 점이 가장 불편합니다.
요즘 느끼는 건 프리랜서 입장에서 지원금 신청 절차가 복잡하다고 생각한당께당께.,요즘 느끼는 건 프리랜서 입장에서 지원금 신청 절차가 복잡하다고 생각합니다.
실제로 이용해보니 졸업예정자 입장에서 기업별 직무 정보가 너무 부족한당께는 점이 가장 불편한당께당께.,실제로 이용해보니 졸업예정자 입장에서 기업별 직무 정보가 너무 부족하다는 점이 가장 불편합니다.
개인적으로 실제 재직자의 직무 정보를 확인할 수 있으면 좋겄네당께.,개인적으로 실제 재직자의 직무 정보를 확인할 수 있으면 좋겠다.
개인적으로 최근 소규모 공연과 전시가 늘어난 점이 좋다는 점이 가장 불편한당께당께.,개인적으로 최근 소규모 공연과 전시가 늘어난 점이 좋다는 점이 가장 불편합니다.
실제로 이용해보니 사회초년생 입장에서 청년주택 신청 시 필요한 서류가 많다라고 느끼당께당께.,실제로 이용해보니 사회초년생 입장에서 청년주택 신청 시 필요한 서류가 많다라고 느낍니다.
주변에서도 많이 말하는데 비전공자 입장에서 무료 교육은 신청기간을 놓치기 쉽다라고 느끼당께당께.,주변에서도 많이 말하는데 비전공자 입장에서 무료 교육은 신청기간을 놓치기 쉽다라고 느낍니다.
요즘 느끼는 건 경력 초기 청년 입장에서 신입이 지원할 수 있는 직무를 찾기 어렵당께는 의견입니다당께.,요즘 느끼는 건 경력 초기 청년 입장에서 신입이 지원할 수 있는 직무를 찾기 어렵다는 의견입니다.
광주·전남에서 지내다 보니 지역 축제가 생각보다 다양해서 주말에 즐길 거리가 많았다당께.,광주·전남에서 지내다 보니 지역 축제가 생각보다 다양해서 주말에 즐길 거리가 많았다.
개인적으로 대학생 입장에서 버스 도착 정보가 실제와 다른 경우가 있당께는 의견입니다당께.,개인적으로 대학생 입장에서 버스 도착 정보가 실제와 다른 경우가 있다는 의견입니다.
사업 단계에 맞는 지원사업을 자동 추천받고 싶다고 생각한당께당께.,사업 단계에 맞는 지원사업을 자동 추천받고 싶다고 생각합니다.
지역에서 생활하면서 대중교통 이용자 입장에서 자차가 없으면 갈 수 있는 일자리가 제한된다면 좋겠당께,지역에서 생활하면서 대중교통 이용자 입장에서 자차가 없으면 갈 수 있는 일자리가 제한된다면 좋겠습니다.
광주·전남에서 지내다 보니 비전공자 입장에서 어떤 기술부터 배워야 할지 모르겠다는 점이 가장 불편한당께당께.,광주·전남에서 지내다 보니 비전공자 입장에서 어떤 기술부터 배워야 할지 모르겠다는 점이 가장 불편합니다.
주변에서도 많이 말하는데 비전공자 입장에서 신입이 지원할 수 있는 직무를 찾기 어렵당께는 점이 가장 불편한당께당께.,주변에서도 많이 말하는데 비전공자 입장에서 신입이 지원할 수 있는 직무를 찾기 어렵다는 점이 가장 불편합니다.
지역에서 생활하면서 지역기업 채용설명회가 실제 취업 준비에 도움이 됐다당께.,지역에서 생활하면서 지역기업 채용설명회가 실제 취업 준비에 도움이 됐다.
내 관심사에 맞는 지역 행사를 추천받고 싶다당께.,내 관심사에 맞는 지역 행사를 추천받고 싶다.
주변에서도 많이 말하는데 취업준비생 입장에서 프로젝트 경험을 쌓을 기회가 부족한당께고 생각한당께당께.,주변에서도 많이 말하는데 취업준비생 입장에서 프로젝트 경험을 쌓을 기회가 부족하다고 생각합니다.
취업을 준비하면서 실제 재직자의 직무 정보를 확인할 수 있으면 좋겄네는 의견입니다당께.,취업을 준비하면서 실제 재직자의 직무 정보를 확인할 수 있으면 좋겠다는 의견입니다.
광주·전남에서 지내다 보니 공유오피스 지원이 초기 창업자에게 유용했다 또 주말에는 버스가 너무 뜸하다면 좋겠당께,광주·전남에서 지내다 보니 공유오피스 지원이 초기 창업자에게 유용했다 또 주말에는 버스가 너무 뜸하다면 좋겠습니다.
주변에서도 많이 말하는데 광주·전남을 오가는 사람 입장에서 버스 도착 정보가 실제와 다른 경우가 있당께는 의견입니다당께.,주변에서도 많이 말하는데 광주·전남을 오가는 사람 입장에서 버스 도착 정보가 실제와 다른 경우가 있다는 의견입니다.
주변에서도 많이 말하는데 최근 청년주택 공급이 늘어난 점은 긍정적이다당께.,주변에서도 많이 말하는데 최근 청년주택 공급이 늘어난 점은 긍정적이다.
주변에서도 많이 말하는데 내 관심사에 맞는 지역 행사를 추천받고 싶다라고 느끼당께당께.,주변에서도 많이 말하는데 내 관심사에 맞는 지역 행사를 추천받고 싶다라고 느낍니다.
주변에서도 많이 말하는데 초기창업자 입장에서 사업 단계에 맞는 지원을 찾기 어렵당께 또 버스 배차간격이 길어 이동이 불편하다고 생각한당께당께.,주변에서도 많이 말하는데 초기창업자 입장에서 사업 단계에 맞는 지원을 찾기 어렵다 또 버스 배차간격이 길어 이동이 불편하다고 생각합니다.
지역에서 생활하면서 지역 청년 입장에서 홈페이지마다 검색 방식이 달라 불편하다라고 느끼당께당께.,지역에서 생활하면서 지역 청년 입장에서 홈페이지마다 검색 방식이 달라 불편하다라고 느낍니다.
주변에서도 많이 말하는데 자취하는 청년 입장에서 단기 거주가 가능한 주택 정보를 찾기 어렵당께는 부분이 개선됐으면 한당께당께.,주변에서도 많이 말하는데 자취하는 청년 입장에서 단기 거주가 가능한 주택 정보를 찾기 어렵다는 부분이 개선됐으면 합니다.
개인적으로 1인 가구 입장에서 행사 신청 방법이 제각각이라 불편하다라고 느끼당께당께.,개인적으로 1인 가구 입장에서 행사 신청 방법이 제각각이라 불편하다라고 느낍니다.
지역에서 생활하면서 사회초년생 입장에서 청년주택 신청 시 필요한 서류가 많다 특히 채용공고가 여러 사이트에 흩어져 있당께는 의견입니다당께.,지역에서 생활하면서 사회초년생 입장에서 청년주택 신청 시 필요한 서류가 많다 특히 채용공고가 여러 사이트에 흩어져 있다는 의견입니다.
실제로 이용해보니 교육 후 포트폴리오까지 만들 수 있는 과정이 필요하다는 의견입니다당께.,실제로 이용해보니 교육 후 포트폴리오까지 만들 수 있는 과정이 필요하다는 의견입니다.
청년지원사업과 채용공고를 함께 추천해주면 좋겄네면 좋겠당께,청년지원사업과 채용공고를 함께 추천해주면 좋겠다면 좋겠습니다.
취업을 준비하면서 내 역량에 맞는 직무를 추천받고 싶다 특히 지역별 행사 정보를 비교하기 어렵당께는 부분이 개선됐으면 한당께당께.,취업을 준비하면서 내 역량에 맞는 직무를 추천받고 싶다 특히 지역별 행사 정보를 비교하기 어렵다는 부분이 개선됐으면 합니다.
실제로 이용해보니 1인 가구 입장에서 행사 신청 방법이 제각각이라 불편하다 또 청년정책 정보가 기관별로 흩어져 있당께는 점이 가장 불편한당께당께.,실제로 이용해보니 1인 가구 입장에서 행사 신청 방법이 제각각이라 불편하다 또 청년정책 정보가 기관별로 흩어져 있다는 점이 가장 불편합니다.
취업을 준비하면서 타지역에서 이주한 청년 입장에서 청년주택 정보를 찾기 어렵당께는 점이 가장 불편한당께당께.,취업을 준비하면서 타지역에서 이주한 청년 입장에서 청년주택 정보를 찾기 어렵다는 점이 가장 불편합니다.
개인적으로 청년 문화 프로그램에 참여하면서 새로운 사람들을 만날 수 있었다고 생각한당께당께.,개인적으로 청년 문화 프로그램에 참여하면서 새로운 사람들을 만날 수 있었다고 생각합니다.
요즘 느끼는 건 산단과 주요 거점을 잇는 셔틀이 있으면 좋겄네 또 보증금 마련이 부담된다당께.,요즘 느끼는 건 산단과 주요 거점을 잇는 셔틀이 있으면 좋겠다 또 보증금 마련이 부담된다.
요즘 느끼는 건 최근 일부 노선의 배차가 개선돼 이동이 편해졌다고 생각한당께당께.,요즘 느끼는 건 최근 일부 노선의 배차가 개선돼 이동이 편해졌다고 생각합니다.
실제로 이용해보니 정책 내용을 쉬운 말로 요약해서 보고 싶다는 점이 가장 불편한당께당께.,실제로 이용해보니 정책 내용을 쉬운 말로 요약해서 보고 싶다는 점이 가장 불편합니다.
광주·전남에서 지내다 보니 광주·전남을 오가는 사람 입장에서 야간 대중교통이 부족한당께면 좋겠당께,광주·전남에서 지내다 보니 광주·전남을 오가는 사람 입장에서 야간 대중교통이 부족하다면 좋겠습니다.
개인적으로 대중교통 이용자 입장에서 주말에는 버스가 너무 뜸하다라고 느끼당께당께.,개인적으로 대중교통 이용자 입장에서 주말에는 버스가 너무 뜸하다라고 느낍니다.
요즘 느끼는 건 예비창업자 입장에서 기업 간 협업 파트너를 찾기 어렵당께면 좋겠당께,요즘 느끼는 건 예비창업자 입장에서 기업 간 협업 파트너를 찾기 어렵다면 좋겠습니다.
내 조건에 맞는 주거지원 정책을 자동으로 추천받고 싶다라고 느끼당께당께.,내 조건에 맞는 주거지원 정책을 자동으로 추천받고 싶다라고 느낍니다.
요즘 느끼는 건 야간 근무자 입장에서 야간 대중교통이 부족한당께 그리고 신입이 지원할 수 있는 직무를 찾기 어렵당께당께.,요즘 느끼는 건 야간 근무자 입장에서 야간 대중교통이 부족하다 그리고 신입이 지원할 수 있는 직무를 찾기 어렵다.
광주·전남에서 지내다 보니 1인 가구 입장에서 공연이나 전시 정보가 여러 채널에 흩어져 있당께 다만 지역기업의 연봉이나 복지 정보를 비교하기 어렵당께는 부분이 개선됐으면 한당께당께.,광주·전남에서 지내다 보니 1인 가구 입장에서 공연이나 전시 정보가 여러 채널에 흩어져 있다 다만 지역기업의 연봉이나 복지 정보를 비교하기 어렵다는 부분이 개선됐으면 합니다.
취업준비생 입장에서 기업이 원하는 역량을 구체적으로 알기 어렵당께는 점이 가장 불편한당께당께.,취업준비생 입장에서 기업이 원하는 역량을 구체적으로 알기 어렵다는 점이 가장 불편합니다.
개인적으로 취업준비생 입장에서 주거지원 정책마다 자격요건이 달라 헷갈린다면 좋겠당께,개인적으로 취업준비생 입장에서 주거지원 정책마다 자격요건이 달라 헷갈린다면 좋겠습니다.
청년 할인 정보를 함께 보여주면 좋겄네는 점이 가장 불편한당께당께.,청년 할인 정보를 함께 보여주면 좋겠다는 점이 가장 불편합니다.
지역에서 생활하면서 지역 청년 입장에서 지역기업의 연봉이나 복지 정보를 비교하기 어렵당께 다만 지원 가능한 주거사업 조건이 복잡하다라고 느끼당께당께.,지역에서 생활하면서 지역 청년 입장에서 지역기업의 연봉이나 복지 정보를 비교하기 어렵다 다만 지원 가능한 주거사업 조건이 복잡하다라고 느낍니다.
개인적으로 자취하는 청년 입장에서 청년주택 신청 시 필요한 서류가 많다는 의견입니다당께.,개인적으로 자취하는 청년 입장에서 청년주택 신청 시 필요한 서류가 많다는 의견입니다.
실제로 이용해보니 청년주택 신청 절차가 더 단순해졌으면 좋겄네고 생각한당께당께.,실제로 이용해보니 청년주택 신청 절차가 더 단순해졌으면 좋겠다고 생각합니다.
실제로 이용해보니 정책 알림 서비스를 통해 지원사업을 놓치지 않을 수 있었다당께.,실제로 이용해보니 정책 알림 서비스를 통해 지원사업을 놓치지 않을 수 있었다.
실제로 이용해보니 타지역에서 이주한 청년 입장에서 직장 근처에 적당한 주거지가 부족한당께 그리고 주말에 참여할 커뮤니티 프로그램을 찾기 어렵당께라고 느끼당께당께.,실제로 이용해보니 타지역에서 이주한 청년 입장에서 직장 근처에 적당한 주거지가 부족하다 그리고 주말에 참여할 커뮤니티 프로그램을 찾기 어렵다라고 느낍니다.
개인적으로 최근 일부 노선의 배차가 개선돼 이동이 편해졌다 특히 지원 가능한 주거사업 조건이 복잡하다고 생각한당께당께.,개인적으로 최근 일부 노선의 배차가 개선돼 이동이 편해졌다 특히 지원 가능한 주거사업 조건이 복잡하다고 생각합니다.
취업을 준비하면서 내 역량에 맞는 직무를 추천받고 싶다는 부분이 개선됐으면 한당께당께.,취업을 준비하면서 내 역량에 맞는 직무를 추천받고 싶다는 부분이 개선됐으면 합니다.
지역에서 생활하면서 취업준비생 입장에서 괜찮은 일자리가 어디에 있는지 모르겠다 다만 산단이나 기업 밀집지역으로 가는 교통편이 부족한당께는 의견입니다당께.,지역에서 생활하면서 취업준비생 입장에서 괜찮은 일자리가 어디에 있는지 모르겠다 다만 산단이나 기업 밀집지역으로 가는 교통편이 부족하다는 의견입니다.
광주·전남에서 지내다 보니 대학생 입장에서 광주와 전남 시군을 오갈 때 시간이 너무 오래 걸린다면 좋겠당께,광주·전남에서 지내다 보니 대학생 입장에서 광주와 전남 시군을 오갈 때 시간이 너무 오래 걸린다면 좋겠습니다.
주변에서도 많이 말하는데 1인 가구 입장에서 지역 소규모 행사 정보는 검색이 잘 되지 않는다는 부분이 개선됐으면 한당께당께.,주변에서도 많이 말하는데 1인 가구 입장에서 지역 소규모 행사 정보는 검색이 잘 되지 않는다는 부분이 개선됐으면 합니다.
실제로 이용해보니 취업준비생 입장에서 지역기업 채용정보를 한눈에 찾기 어렵당께 다만 신청기간이 짧아 놓치는 경우가 많다고 생각한당께당께.,실제로 이용해보니 취업준비생 입장에서 지역기업 채용정보를 한눈에 찾기 어렵다 다만 신청기간이 짧아 놓치는 경우가 많다고 생각합니다.
주변에서도 많이 말하는데 취업준비생 입장에서 AI 교육은 많지만 수준을 판단하기 어렵당께라고 느끼당께당께.,주변에서도 많이 말하는데 취업준비생 입장에서 AI 교육은 많지만 수준을 판단하기 어렵다라고 느낍니다.
개인적으로 대학생 입장에서 야간 대중교통이 부족한당께면 좋겠당께,개인적으로 대학생 입장에서 야간 대중교통이 부족하다면 좋겠습니다.
지역에서 생활하면서 타지역에서 이주한 청년 입장에서 청년주택 정보를 찾기 어렵당께당께.,지역에서 생활하면서 타지역에서 이주한 청년 입장에서 청년주택 정보를 찾기 어렵다.
주변에서도 많이 말하는데 정책 수혜 대상자 입장에서 문의할 기관을 찾는 데 시간이 오래 걸린다는 점이 가장 불편한당께당께.,주변에서도 많이 말하는데 정책 수혜 대상자 입장에서 문의할 기관을 찾는 데 시간이 오래 걸린다는 점이 가장 불편합니다.
취업을 준비하면서 신혼 청년 입장에서 전세나 월세 시세를 비교하기 어렵당께고 생각한당께당께.,취업을 준비하면서 신혼 청년 입장에서 전세나 월세 시세를 비교하기 어렵다고 생각합니다.
요즘 느끼는 건 지역대학 학생 입장에서 채용공고가 여러 사이트에 흩어져 있당께는 의견입니다당께.,요즘 느끼는 건 지역대학 학생 입장에서 채용공고가 여러 사이트에 흩어져 있다는 의견입니다.
지역에서 생활하면서 예비창업자 입장에서 지원사업 공고가 여러 기관에 흩어져 있당께는 의견입니다당께.,지역에서 생활하면서 예비창업자 입장에서 지원사업 공고가 여러 기관에 흩어져 있다는 의견입니다.
요즘 느끼는 건 청년 사업자 입장에서 지역의 투자자나 멘토를 만나기 어렵당께당께.,요즘 느끼는 건 청년 사업자 입장에서 지역의 투자자나 멘토를 만나기 어렵다.
실제로 이용해보니 지원사업 마감일을 한 번에 관리하고 싶당께고 생각한당께당께.,실제로 이용해보니 지원사업 마감일을 한 번에 관리하고 싶다고 생각합니다.
취업을 준비하면서 신혼 청년 입장에서 주거지원 정책마다 자격요건이 달라 헷갈린다 또 지역에서는 고급 교육과정이 상대적으로 적다면 좋겠당께,취업을 준비하면서 신혼 청년 입장에서 주거지원 정책마다 자격요건이 달라 헷갈린다 또 지역에서는 고급 교육과정이 상대적으로 적다면 좋겠습니다.
취업을 준비하면서 정책 수혜 대상자 입장에서 신청 자격조건이 복잡하고 설명이 어렵당께는 점이 가장 불편한당께당께.,취업을 준비하면서 정책 수혜 대상자 입장에서 신청 자격조건이 복잡하고 설명이 어렵다는 점이 가장 불편합니다.
지역에서 생활하면서 대학생 입장에서 지역별 행사 정보를 비교하기 어렵당께라고 느끼당께당께.,지역에서 생활하면서 대학생 입장에서 지역별 행사 정보를 비교하기 어렵다라고 느낍니다.
주변에서도 많이 말하는데 직무전환을 준비하는 사람 입장에서 프로젝트 경험을 쌓을 기회가 부족한당께면 좋겠당께,주변에서도 많이 말하는데 직무전환을 준비하는 사람 입장에서 프로젝트 경험을 쌓을 기회가 부족하다면 좋겠습니다.
개인적으로 비전공자 입장에서 교육 프로그램 정보가 기관별로 흩어져 있당께 그리고 신청 자격조건이 복잡하고 설명이 어렵당께당께.,개인적으로 비전공자 입장에서 교육 프로그램 정보가 기관별로 흩어져 있다 그리고 신청 자격조건이 복잡하고 설명이 어렵다.
창업지원 프로그램을 통해 초기 비용 부담을 줄일 수 있었다당께.,창업지원 프로그램을 통해 초기 비용 부담을 줄일 수 있었다.
취업을 준비하면서 창업지원 프로그램을 통해 초기 비용 부담을 줄일 수 있었다고 생각한당께당께.,취업을 준비하면서 창업지원 프로그램을 통해 초기 비용 부담을 줄일 수 있었다고 생각합니다.
1인 가구 입장에서 청년 할인 혜택을 한눈에 알기 어렵당께면 좋겠당께,1인 가구 입장에서 청년 할인 혜택을 한눈에 알기 어렵다면 좋겠습니다.
주변에서도 많이 말하는데 청년 임대주택 덕분에 주거비 부담이 줄었다 다만 늦은 시간까지 이용할 수 있는 문화공간이 부족한당께는 점이 가장 불편한당께당께.,주변에서도 많이 말하는데 청년 임대주택 덕분에 주거비 부담이 줄었다 다만 늦은 시간까지 이용할 수 있는 문화공간이 부족하다는 점이 가장 불편합니다.
주변에서도 많이 말하는데 취업준비생 입장에서 AI·데이터 직무 채용정보가 부족한당께당께.,주변에서도 많이 말하는데 취업준비생 입장에서 AI·데이터 직무 채용정보가 부족하다.
최근 일부 노선의 배차가 개선돼 이동이 편해졌다는 점이 가장 불편한당께당께.,최근 일부 노선의 배차가 개선돼 이동이 편해졌다는 점이 가장 불편합니다.
요즘 느끼는 건 야간 근무자 입장에서 산단이나 기업 밀집지역으로 가는 교통편이 부족한당께는 부분이 개선됐으면 한당께당께.,요즘 느끼는 건 야간 근무자 입장에서 산단이나 기업 밀집지역으로 가는 교통편이 부족하다는 부분이 개선됐으면 합니다.
개인적으로 취업준비생 입장에서 취업지원 프로그램과 실제 채용이 잘 연결되지 않는다면 좋겠당께,개인적으로 취업준비생 입장에서 취업지원 프로그램과 실제 채용이 잘 연결되지 않는다면 좋겠습니다.
지역 청년 입장에서 필요한 서류를 사전에 확인하기 어렵당께 또 창업지원사업이 너무 많아 어떤 것을 신청해야 할지 모르겠다는 점이 가장 불편한당께당께.,지역 청년 입장에서 필요한 서류를 사전에 확인하기 어렵다 또 창업지원사업이 너무 많아 어떤 것을 신청해야 할지 모르겠다는 점이 가장 불편합니다.
지역에서 생활하면서 내 수준과 목표에 맞는 교육과정을 추천받고 싶다고 생각한당께당께.,지역에서 생활하면서 내 수준과 목표에 맞는 교육과정을 추천받고 싶다고 생각합니다.
광주·전남에서 지내다 보니 지역 청년 입장에서 신입이 지원할 수 있는 직무를 찾기 어렵당께 특히 야간 대중교통이 부족한당께는 부분이 개선됐으면 한당께당께.,광주·전남에서 지내다 보니 지역 청년 입장에서 신입이 지원할 수 있는 직무를 찾기 어렵다 특히 야간 대중교통이 부족하다는 부분이 개선됐으면 합니다.
주변에서도 많이 말하는데 신혼 청년 입장에서 청년주택 정보를 찾기 어렵당께는 부분이 개선됐으면 한당께당께.,주변에서도 많이 말하는데 신혼 청년 입장에서 청년주택 정보를 찾기 어렵다는 부분이 개선됐으면 합니다.
예비창업자 입장에서 지원금 신청 절차가 복잡하다는 부분이 개선됐으면 한당께당께.,예비창업자 입장에서 지원금 신청 절차가 복잡하다는 부분이 개선됐으면 합니다.
실제로 이용해보니 비전공자 입장에서 실무에 바로 쓸 수 있는 교육을 찾기 어렵당께는 부분이 개선됐으면 한당께당께.,실제로 이용해보니 비전공자 입장에서 실무에 바로 쓸 수 있는 교육을 찾기 어렵다는 부분이 개선됐으면 합니다.
주변에서도 많이 말하는데 경력 초기 청년 입장에서 인턴이나 현장실습 기회를 찾기 어렵당께당께.,주변에서도 많이 말하는데 경력 초기 청년 입장에서 인턴이나 현장실습 기회를 찾기 어렵다.
주변에서도 많이 말하는데 출퇴근하는 청년 입장에서 광주와 전남 시군을 오갈 때 시간이 너무 오래 걸린다는 부분이 개선됐으면 한당께당께.,주변에서도 많이 말하는데 출퇴근하는 청년 입장에서 광주와 전남 시군을 오갈 때 시간이 너무 오래 걸린다는 부분이 개선됐으면 합니다.
지역에서 생활하면서 대학생 입장에서 야간 대중교통이 부족한당께 다만 지원 가능한 주거사업 조건이 복잡하다라고 느끼당께당께.,지역에서 생활하면서 대학생 입장에서 야간 대중교통이 부족하다 다만 지원 가능한 주거사업 조건이 복잡하다라고 느낍니다.
개인적으로 청년주택 신청 절차가 더 단순해졌으면 좋겄네고 생각한당께당께.,개인적으로 청년주택 신청 절차가 더 단순해졌으면 좋겠다고 생각합니다.
개인적으로 실시간 교통 데이터를 활용해 경로를 추천해주면 좋겄네는 점이 가장 불편한당께당께.,개인적으로 실시간 교통 데이터를 활용해 경로를 추천해주면 좋겠다는 점이 가장 불편합니다.
광주·전남에서 지내다 보니 초기창업자 입장에서 초기 고객을 찾기 어렵당께는 점이 가장 불편한당께당께.,광주·전남에서 지내다 보니 초기창업자 입장에서 초기 고객을 찾기 어렵다는 점이 가장 불편합니다.
지역에서 생활하면서 1인 가구 입장에서 공연이나 전시 정보가 여러 채널에 흩어져 있당께는 점이 가장 불편한당께당께.,지역에서 생활하면서 1인 가구 입장에서 공연이나 전시 정보가 여러 채널에 흩어져 있다는 점이 가장 불편합니다.
주변에서도 많이 말하는데 출퇴근하는 청년 입장에서 산단이나 기업 밀집지역으로 가는 교통편이 부족한당께는 부분이 개선됐으면 한당께당께.,주변에서도 많이 말하는데 출퇴근하는 청년 입장에서 산단이나 기업 밀집지역으로 가는 교통편이 부족하다는 부분이 개선됐으면 합니다.
개인적으로 1인 가구 입장에서 주말에 참여할 커뮤니티 프로그램을 찾기 어렵당께는 부분이 개선됐으면 한당께당께.,개인적으로 1인 가구 입장에서 주말에 참여할 커뮤니티 프로그램을 찾기 어렵다는 부분이 개선됐으면 합니다.
요즘 느끼는 건 취업준비생 입장에서 보증금 마련이 부담된다당께.,요즘 느끼는 건 취업준비생 입장에서 보증금 마련이 부담된다.
실제로 이용해보니 주말에 여가를 즐기는 사람 입장에서 지역 소규모 행사 정보는 검색이 잘 되지 않는다라고 느끼당께당께.,실제로 이용해보니 주말에 여가를 즐기는 사람 입장에서 지역 소규모 행사 정보는 검색이 잘 되지 않는다라고 느낍니다.
주변에서도 많이 말하는데 야간 이동 수요를 반영한 교통서비스가 필요하다라고 느끼당께당께.,주변에서도 많이 말하는데 야간 이동 수요를 반영한 교통서비스가 필요하다라고 느낍니다.
타지역에서 이주한 청년 입장에서 단기 거주가 가능한 주택 정보를 찾기 어렵당께는 부분이 개선됐으면 한당께당께.,타지역에서 이주한 청년 입장에서 단기 거주가 가능한 주택 정보를 찾기 어렵다는 부분이 개선됐으면 합니다.
개인적으로 지역 스타트업 구성원 입장에서 지원사업 마감일을 자주 놓친다면 좋겠당께,개인적으로 지역 스타트업 구성원 입장에서 지원사업 마감일을 자주 놓친다면 좋겠습니다.
광주·전남에서 지내다 보니 실제 재직자의 직무 정보를 확인할 수 있으면 좋겄네면 좋겠당께,광주·전남에서 지내다 보니 실제 재직자의 직무 정보를 확인할 수 있으면 좋겠다면 좋겠습니다.
주변에서도 많이 말하는데 최근 일부 노선의 배차가 개선돼 이동이 편해졌다는 부분이 개선됐으면 한당께당께.,주변에서도 많이 말하는데 최근 일부 노선의 배차가 개선돼 이동이 편해졌다는 부분이 개선됐으면 합니다.
광주·전남에서 지내다 보니 청년 사업자 입장에서 초기 고객을 찾기 어렵당께면 좋겠당께,광주·전남에서 지내다 보니 청년 사업자 입장에서 초기 고객을 찾기 어렵다면 좋겠습니다.
주변에서도 많이 말하는데 중소기업 재직자 입장에서 내가 어떤 지원을 받을 수 있는지 판단하기 어렵당께는 의견입니다당께.,주변에서도 많이 말하는데 중소기업 재직자 입장에서 내가 어떤 지원을 받을 수 있는지 판단하기 어렵다는 의견입니다.
주변에서도 많이 말하는데 내 수준과 목표에 맞는 교육과정을 추천받고 싶다당께.,주변에서도 많이 말하는데 내 수준과 목표에 맞는 교육과정을 추천받고 싶다.
지역에서 생활하면서 정책 수혜 대상자 입장에서 필요한 서류를 사전에 확인하기 어렵당께는 점이 가장 불편한당께당께.,지역에서 생활하면서 정책 수혜 대상자 입장에서 필요한 서류를 사전에 확인하기 어렵다는 점이 가장 불편합니다.
대학생 입장에서 어떤 기술부터 배워야 할지 모르겠다는 부분이 개선됐으면 한당께당께.,대학생 입장에서 어떤 기술부터 배워야 할지 모르겠다는 부분이 개선됐으면 합니다.
지역 축제가 생각보다 다양해서 주말에 즐길 거리가 많았다는 점이 가장 불편한당께당께.,지역 축제가 생각보다 다양해서 주말에 즐길 거리가 많았다는 점이 가장 불편합니다.
취업을 준비하면서 자취하는 청년 입장에서 직장 근처에 적당한 주거지가 부족한당께 다만 지역기업 채용정보를 한눈에 찾기 어렵당께라고 느끼당께당께.,취업을 준비하면서 자취하는 청년 입장에서 직장 근처에 적당한 주거지가 부족하다 다만 지역기업 채용정보를 한눈에 찾기 어렵다라고 느낍니다.
주변에서도 많이 말하는데 사회초년생 입장에서 홈페이지마다 검색 방식이 달라 불편하다는 의견입니다당께.,주변에서도 많이 말하는데 사회초년생 입장에서 홈페이지마다 검색 방식이 달라 불편하다는 의견입니다.
광주·전남에서 지내다 보니 내 조건을 입력하면 받을 수 있는 정책을 추천받고 싶다는 의견입니다당께.,광주·전남에서 지내다 보니 내 조건을 입력하면 받을 수 있는 정책을 추천받고 싶다는 의견입니다.
요즘 느끼는 건 청년 사업자 입장에서 사업 단계에 맞는 지원을 찾기 어렵당께는 부분이 개선됐으면 한당께당께.,요즘 느끼는 건 청년 사업자 입장에서 사업 단계에 맞는 지원을 찾기 어렵다는 부분이 개선됐으면 합니다.
신청 마감일과 필요한 서류를 자동으로 알려주면 좋겄네라고 느끼당께당께.,신청 마감일과 필요한 서류를 자동으로 알려주면 좋겠다라고 느낍니다.
개인적으로 취업준비생 입장에서 비슷한 정책이 많아 차이를 비교하기 어렵당께 특히 지원 가능한 주거사업 조건이 복잡하다당께.,개인적으로 취업준비생 입장에서 비슷한 정책이 많아 차이를 비교하기 어렵다 특히 지원 가능한 주거사업 조건이 복잡하다.
현직자 강의는 직무 이해에 도움이 됐다 또 사업 단계에 맞는 지원을 찾기 어렵당께면 좋겠당께,현직자 강의는 직무 이해에 도움이 됐다 또 사업 단계에 맞는 지원을 찾기 어렵다면 좋겠습니다.
취업을 준비하면서 정책 수혜 대상자 입장에서 내가 어떤 지원을 받을 수 있는지 판단하기 어렵당께는 점이 가장 불편한당께당께.,취업을 준비하면서 정책 수혜 대상자 입장에서 내가 어떤 지원을 받을 수 있는지 판단하기 어렵다는 점이 가장 불편합니다.
광주·전남에서 지내다 보니 비전공자 입장에서 기업별 직무 정보가 너무 부족한당께는 부분이 개선됐으면 한당께당께.,광주·전남에서 지내다 보니 비전공자 입장에서 기업별 직무 정보가 너무 부족하다는 부분이 개선됐으면 합니다.
개인적으로 비슷한 정책의 차이를 비교해주면 좋겄네면 좋겠당께,개인적으로 비슷한 정책의 차이를 비교해주면 좋겠다면 좋겠습니다.
취업을 준비하면서 교육과 채용공고를 연결해서 보여주면 좋겄네 다만 전세나 월세 시세를 비교하기 어렵당께는 부분이 개선됐으면 한당께당께.,취업을 준비하면서 교육과 채용공고를 연결해서 보여주면 좋겠다 다만 전세나 월세 시세를 비교하기 어렵다는 부분이 개선됐으면 합니다.
취업을 준비하면서 청년 문화 프로그램에 참여하면서 새로운 사람들을 만날 수 있었다 그리고 주말에는 버스가 너무 뜸하다면 좋겠당께,취업을 준비하면서 청년 문화 프로그램에 참여하면서 새로운 사람들을 만날 수 있었다 그리고 주말에는 버스가 너무 뜸하다면 좋겠습니다.
지역에서 생활하면서 지역기업 채용설명회가 실제 취업 준비에 도움이 됐다당께.,지역에서 생활하면서 지역기업 채용설명회가 실제 취업 준비에 도움이 됐다.
요즘 느끼는 건 환승 정보가 예전보다 잘 제공되는 점은 좋다는 의견입니다당께.,요즘 느끼는 건 환승 정보가 예전보다 잘 제공되는 점은 좋다는 의견입니다.
실제로 이용해보니 정책 수혜 대상자 입장에서 신청 자격조건이 복잡하고 설명이 어렵당께면 좋겠당께,실제로 이용해보니 정책 수혜 대상자 입장에서 신청 자격조건이 복잡하고 설명이 어렵다면 좋겠습니다.
주변에서도 많이 말하는데 청년주택 신청 절차가 더 단순해졌으면 좋겄네 그리고 버스 배차간격이 길어 이동이 불편하다는 점이 가장 불편한당께당께.,주변에서도 많이 말하는데 청년주택 신청 절차가 더 단순해졌으면 좋겠다 그리고 버스 배차간격이 길어 이동이 불편하다는 점이 가장 불편합니다.
개인적으로 지역 스타트업 구성원 입장에서 기업 간 협업 파트너를 찾기 어렵당께라고 느끼당께당께.,개인적으로 지역 스타트업 구성원 입장에서 기업 간 협업 파트너를 찾기 어렵다라고 느낍니다.
개인적으로 지역기업 채용정보를 한곳에서 보고 싶다당께.,개인적으로 지역기업 채용정보를 한곳에서 보고 싶다.
취업을 준비하면서 최근 청년주택 공급이 늘어난 점은 긍정적이다는 점이 가장 불편한당께당께.,취업을 준비하면서 최근 청년주택 공급이 늘어난 점은 긍정적이다는 점이 가장 불편합니다.
개인적으로 대학생 입장에서 야간 대중교통이 부족한당께당께.,개인적으로 대학생 입장에서 야간 대중교통이 부족하다.
요즘 느끼는 건 직장인 입장에서 늦은 시간까지 이용할 수 있는 문화공간이 부족한당께고 생각한당께당께.,요즘 느끼는 건 직장인 입장에서 늦은 시간까지 이용할 수 있는 문화공간이 부족하다고 생각합니다.
개인적으로 지역 스타트업 구성원 입장에서 지원사업 공고가 여러 기관에 흩어져 있당께고 생각한당께당께.,개인적으로 지역 스타트업 구성원 입장에서 지원사업 공고가 여러 기관에 흩어져 있다고 생각합니다.
주변에서도 많이 말하는데 지역 청년 입장에서 지역기업의 연봉이나 복지 정보를 비교하기 어렵당께당께.,주변에서도 많이 말하는데 지역 청년 입장에서 지역기업의 연봉이나 복지 정보를 비교하기 어렵다.
요즘 느끼는 건 대학생 입장에서 AI 교육은 많지만 수준을 판단하기 어렵당께는 의견입니다당께.,요즘 느끼는 건 대학생 입장에서 AI 교육은 많지만 수준을 판단하기 어렵다는 의견입니다.
비전공자 입장에서 신입이 지원할 수 있는 직무를 찾기 어렵당께는 부분이 개선됐으면 한당께당께.,비전공자 입장에서 신입이 지원할 수 있는 직무를 찾기 어렵다는 부분이 개선됐으면 합니다.
개인적으로 취업준비생 입장에서 주거지원 정책마다 자격요건이 달라 헷갈린다 특히 지원사업 공고가 여러 기관에 흩어져 있당께는 부분이 개선됐으면 한당께당께.,개인적으로 취업준비생 입장에서 주거지원 정책마다 자격요건이 달라 헷갈린다 특히 지원사업 공고가 여러 기관에 흩어져 있다는 부분이 개선됐으면 합니다.
실제로 이용해보니 온라인 신청이 가능해져 예전보다 행정 절차가 편해졌다는 부분이 개선됐으면 한당께당께.,실제로 이용해보니 온라인 신청이 가능해져 예전보다 행정 절차가 편해졌다는 부분이 개선됐으면 합니다.
개인적으로 취업준비생 입장에서 홈페이지마다 검색 방식이 달라 불편하다는 의견입니다당께.,개인적으로 취업준비생 입장에서 홈페이지마다 검색 방식이 달라 불편하다는 의견입니다.
요즘 느끼는 건 여러 기관의 지원사업을 한 번에 검색하고 싶당께면 좋겠당께,요즘 느끼는 건 여러 기관의 지원사업을 한 번에 검색하고 싶다면 좋겠습니다.
개인적으로 중소기업 재직자 입장에서 문의할 기관을 찾는 데 시간이 오래 걸린다고 생각한당께당께.,개인적으로 중소기업 재직자 입장에서 문의할 기관을 찾는 데 시간이 오래 걸린다고 생각합니다.
취업을 준비하면서 사회초년생 입장에서 청년정책 정보가 기관별로 흩어져 있당께는 점이 가장 불편한당께당께.,취업을 준비하면서 사회초년생 입장에서 청년정책 정보가 기관별로 흩어져 있다는 점이 가장 불편합니다.
요즘 느끼는 건 취업준비생 입장에서 기업별 직무 정보가 너무 부족한당께당께.,요즘 느끼는 건 취업준비생 입장에서 기업별 직무 정보가 너무 부족하다.
개인적으로 대학생 입장에서 교육과 실제 채용 요구역량이 잘 맞지 않는다는 부분이 개선됐으면 한당께당께.,개인적으로 대학생 입장에서 교육과 실제 채용 요구역량이 잘 맞지 않는다는 부분이 개선됐으면 합니다.
광주·전남에서 지내다 보니 타지역에서 이주한 청년 입장에서 지원 가능한 주거사업 조건이 복잡하다 그리고 신청 자격조건이 복잡하고 설명이 어렵당께고 생각한당께당께.,광주·전남에서 지내다 보니 타지역에서 이주한 청년 입장에서 지원 가능한 주거사업 조건이 복잡하다 그리고 신청 자격조건이 복잡하고 설명이 어렵다고 생각합니다.
요즘 느끼는 건 비전공자 입장에서 교육과 실제 채용 요구역량이 잘 맞지 않는다는 부분이 개선됐으면 한당께당께.,요즘 느끼는 건 비전공자 입장에서 교육과 실제 채용 요구역량이 잘 맞지 않는다는 부분이 개선됐으면 합니다.
지역에서 생활하면서 출퇴근하는 청년 입장에서 산단이나 기업 밀집지역으로 가는 교통편이 부족한당께 또 내가 어떤 지원을 받을 수 있는지 판단하기 어렵당께당께.,지역에서 생활하면서 출퇴근하는 청년 입장에서 산단이나 기업 밀집지역으로 가는 교통편이 부족하다 또 내가 어떤 지원을 받을 수 있는지 판단하기 어렵다.
개인적으로 정책 수혜 대상자 입장에서 홈페이지마다 검색 방식이 달라 불편하다 또 무료 교육은 신청기간을 놓치기 쉽다는 점이 가장 불편한당께당께.,개인적으로 정책 수혜 대상자 입장에서 홈페이지마다 검색 방식이 달라 불편하다 또 무료 교육은 신청기간을 놓치기 쉽다는 점이 가장 불편합니다.
정책 수혜 대상자 입장에서 청년정책 정보가 기관별로 흩어져 있당께 또 지역에서는 고급 교육과정이 상대적으로 적다라고 느끼당께당께.,정책 수혜 대상자 입장에서 청년정책 정보가 기관별로 흩어져 있다 또 지역에서는 고급 교육과정이 상대적으로 적다라고 느낍니다.
내 역량에 맞는 직무를 추천받고 싶다면 좋겠당께,내 역량에 맞는 직무를 추천받고 싶다면 좋겠습니다.
지역에서 생활하면서 재직 청년 입장에서 실무에 바로 쓸 수 있는 교육을 찾기 어렵당께 특히 주말에는 버스가 너무 뜸하다는 점이 가장 불편한당께당께.,지역에서 생활하면서 재직 청년 입장에서 실무에 바로 쓸 수 있는 교육을 찾기 어렵다 특히 주말에는 버스가 너무 뜸하다는 점이 가장 불편합니다.
개인적으로 대학생 입장에서 실무에 바로 쓸 수 있는 교육을 찾기 어렵당께는 의견입니다당께.,개인적으로 대학생 입장에서 실무에 바로 쓸 수 있는 교육을 찾기 어렵다는 의견입니다.
취업을 준비하면서 비전공자 입장에서 기업별 직무 정보가 너무 부족한당께 또 비슷한 정책이 많아 차이를 비교하기 어렵당께당께.,취업을 준비하면서 비전공자 입장에서 기업별 직무 정보가 너무 부족하다 또 비슷한 정책이 많아 차이를 비교하기 어렵다.
취업을 준비하면서 지역 축제가 생각보다 다양해서 주말에 즐길 거리가 많았다는 부분이 개선됐으면 한당께당께.,취업을 준비하면서 지역 축제가 생각보다 다양해서 주말에 즐길 거리가 많았다는 부분이 개선됐으면 합니다.
지역에서 생활하면서 타지역에서 이주한 청년 입장에서 주거지원 정책마다 자격요건이 달라 헷갈린다는 점이 가장 불편한당께당께.,지역에서 생활하면서 타지역에서 이주한 청년 입장에서 주거지원 정책마다 자격요건이 달라 헷갈린다는 점이 가장 불편합니다.
광주·전남에서 지내다 보니 출퇴근하는 청년 입장에서 막차 시간이 빨라 늦게까지 활동하기 어렵당께는 점이 가장 불편한당께당께.,광주·전남에서 지내다 보니 출퇴근하는 청년 입장에서 막차 시간이 빨라 늦게까지 활동하기 어렵다는 점이 가장 불편합니다.
직장인 입장에서 행사 신청 방법이 제각각이라 불편하다 또 신청 자격조건이 복잡하고 설명이 어렵당께는 부분이 개선됐으면 한당께당께.,직장인 입장에서 행사 신청 방법이 제각각이라 불편하다 또 신청 자격조건이 복잡하고 설명이 어렵다는 부분이 개선됐으면 합니다.
주변에서도 많이 말하는데 최근 AI 실습 과정이 늘어나 선택지가 많아졌다는 점이 가장 불편한당께당께.,주변에서도 많이 말하는데 최근 AI 실습 과정이 늘어나 선택지가 많아졌다는 점이 가장 불편합니다.
공연·전시·체육 정보를 한곳에서 보고 싶다라고 느끼당께당께.,공연·전시·체육 정보를 한곳에서 보고 싶다라고 느낍니다.
실제로 이용해보니 실제 재직자의 직무 정보를 확인할 수 있으면 좋겄네는 부분이 개선됐으면 한당께당께.,실제로 이용해보니 실제 재직자의 직무 정보를 확인할 수 있으면 좋겠다는 부분이 개선됐으면 합니다.
지역에서 생활하면서 비전공자 입장에서 프로젝트 경험을 쌓을 기회가 부족한당께 특히 직장 근처에 적당한 주거지가 부족한당께면 좋겠당께,지역에서 생활하면서 비전공자 입장에서 프로젝트 경험을 쌓을 기회가 부족하다 특히 직장 근처에 적당한 주거지가 부족하다면 좋겠습니다.
요즘 느끼는 건 여러 기관의 지원사업을 한 번에 검색하고 싶당께고 생각한당께당께.,요즘 느끼는 건 여러 기관의 지원사업을 한 번에 검색하고 싶다고 생각합니다.
실제로 이용해보니 타지역에서 이주한 청년 입장에서 직장 근처에 적당한 주거지가 부족한당께는 점이 가장 불편한당께당께.,실제로 이용해보니 타지역에서 이주한 청년 입장에서 직장 근처에 적당한 주거지가 부족하다는 점이 가장 불편합니다.
청년 임대주택 덕분에 주거비 부담이 줄었다고 생각한당께당께.,청년 임대주택 덕분에 주거비 부담이 줄었다고 생각합니다.
요즘 느끼는 건 내 조건에 맞는 주거지원 정책을 자동으로 추천받고 싶다는 점이 가장 불편한당께당께.,요즘 느끼는 건 내 조건에 맞는 주거지원 정책을 자동으로 추천받고 싶다는 점이 가장 불편합니다.
실제로 이용해보니 출퇴근하는 청년 입장에서 버스 도착 정보가 실제와 다른 경우가 있당께는 의견입니다당께.,실제로 이용해보니 출퇴근하는 청년 입장에서 버스 도착 정보가 실제와 다른 경우가 있다는 의견입니다.
출퇴근하는 청년 입장에서 산단이나 기업 밀집지역으로 가는 교통편이 부족한당께 또 청년정책 정보가 기관별로 흩어져 있당께면 좋겠당께,출퇴근하는 청년 입장에서 산단이나 기업 밀집지역으로 가는 교통편이 부족하다 또 청년정책 정보가 기관별로 흩어져 있다면 좋겠습니다.
실제로 이용해보니 정책 수혜 대상자 입장에서 문의할 기관을 찾는 데 시간이 오래 걸린다 또 청년주택 정보를 찾기 어렵당께라고 느끼당께당께.,실제로 이용해보니 정책 수혜 대상자 입장에서 문의할 기관을 찾는 데 시간이 오래 걸린다 또 청년주택 정보를 찾기 어렵다라고 느낍니다.
취업을 준비하면서 직장인 입장에서 청년이 즐길 만한 문화행사 정보를 찾기 어렵당께라고 느끼당께당께.,취업을 준비하면서 직장인 입장에서 청년이 즐길 만한 문화행사 정보를 찾기 어렵다라고 느낍니다.
요즘 느끼는 건 대학생 입장에서 지역에서는 고급 교육과정이 상대적으로 적다 그리고 지원사업 공고가 여러 기관에 흩어져 있당께당께.,요즘 느끼는 건 대학생 입장에서 지역에서는 고급 교육과정이 상대적으로 적다 그리고 지원사업 공고가 여러 기관에 흩어져 있다.
지역에서 생활하면서 지역 청년 입장에서 필요한 서류를 사전에 확인하기 어렵당께면 좋겠당께,지역에서 생활하면서 지역 청년 입장에서 필요한 서류를 사전에 확인하기 어렵다면 좋겠습니다.
비슷한 정책의 차이를 비교해주면 좋겄네면 좋겠당께,비슷한 정책의 차이를 비교해주면 좋겠다면 좋겠습니다.
직무전환을 준비하는 사람 입장에서 지역에서는 고급 교육과정이 상대적으로 적다는 의견입니다당께.,직무전환을 준비하는 사람 입장에서 지역에서는 고급 교육과정이 상대적으로 적다는 의견입니다.
요즘 느끼는 건 정책 수혜 대상자 입장에서 비슷한 정책이 많아 차이를 비교하기 어렵당께라고 느끼당께당께.,요즘 느끼는 건 정책 수혜 대상자 입장에서 비슷한 정책이 많아 차이를 비교하기 어렵다라고 느낍니다.
실제로 이용해보니 위치와 시간에 맞춰 여가 활동을 추천해주면 좋겄네면 좋겠당께,실제로 이용해보니 위치와 시간에 맞춰 여가 활동을 추천해주면 좋겠다면 좋겠습니다.
광주·전남에서 지내다 보니 주말에 여가를 즐기는 사람 입장에서 혼자 참여하기 좋은 프로그램을 찾기 어렵당께는 의견입니다당께.,광주·전남에서 지내다 보니 주말에 여가를 즐기는 사람 입장에서 혼자 참여하기 좋은 프로그램을 찾기 어렵다는 의견입니다.
광주·전남에서 지내다 보니 지역 청년 입장에서 정책 변경사항을 제때 알기 어렵당께고 생각한당께당께.,광주·전남에서 지내다 보니 지역 청년 입장에서 정책 변경사항을 제때 알기 어렵다고 생각합니다.
광주·전남에서 지내다 보니 공연·전시·체육 정보를 한곳에서 보고 싶다당께.,광주·전남에서 지내다 보니 공연·전시·체육 정보를 한곳에서 보고 싶다.
예비창업자 입장에서 공간 지원과 자금 지원 정보를 함께 찾기 어렵당께라고 느끼당께당께.,예비창업자 입장에서 공간 지원과 자금 지원 정보를 함께 찾기 어렵다라고 느낍니다.
비슷한 관심사의 사람들과 참여할 프로그램을 찾고 싶다는 부분이 개선됐으면 한당께당께.,비슷한 관심사의 사람들과 참여할 프로그램을 찾고 싶다는 부분이 개선됐으면 합니다.
실제로 이용해보니 최근 청년 취업 프로그램이 다양해진 점은 좋다면 좋겠당께,실제로 이용해보니 최근 청년 취업 프로그램이 다양해진 점은 좋다면 좋겠습니다.
대학생 입장에서 생활체육 프로그램 정보가 부족한당께당께.,대학생 입장에서 생활체육 프로그램 정보가 부족하다.
주변에서도 많이 말하는데 광주·전남을 오가는 사람 입장에서 버스 배차간격이 길어 이동이 불편하다면 좋겠당께,주변에서도 많이 말하는데 광주·전남을 오가는 사람 입장에서 버스 배차간격이 길어 이동이 불편하다면 좋겠습니다.
취업준비생 입장에서 비슷한 정책이 많아 차이를 비교하기 어렵당께라고 느끼당께당께.,취업준비생 입장에서 비슷한 정책이 많아 차이를 비교하기 어렵다라고 느낍니다.
지역에서 생활하면서 취업준비생 입장에서 신청기간이 짧아 놓치는 경우가 많다 그리고 월세 부담이 너무 크다는 점이 가장 불편한당께당께.,지역에서 생활하면서 취업준비생 입장에서 신청기간이 짧아 놓치는 경우가 많다 그리고 월세 부담이 너무 크다는 점이 가장 불편합니다.
지역에서 생활하면서 비전공자 입장에서 어떤 기술부터 배워야 할지 모르겠다고 생각한당께당께.,지역에서 생활하면서 비전공자 입장에서 어떤 기술부터 배워야 할지 모르겠다고 생각합니다.
취업을 준비하면서 재직 청년 입장에서 교육과 실제 채용 요구역량이 잘 맞지 않는다고 생각한당께당께.,취업을 준비하면서 재직 청년 입장에서 교육과 실제 채용 요구역량이 잘 맞지 않는다고 생각합니다.
개인적으로 지원사업 마감일을 한 번에 관리하고 싶당께당께.,개인적으로 지원사업 마감일을 한 번에 관리하고 싶다.
직장인 입장에서 혼자 참여하기 좋은 프로그램을 찾기 어렵당께라고 느끼당께당께.,직장인 입장에서 혼자 참여하기 좋은 프로그램을 찾기 어렵다라고 느낍니다.
요즘 느끼는 건 지역 스타트업 구성원 입장에서 지원사업 마감일을 자주 놓친다당께.,요즘 느끼는 건 지역 스타트업 구성원 입장에서 지원사업 마감일을 자주 놓친다.
광주·전남에서 지내다 보니 취업준비생 입장에서 교육 이후 포트폴리오로 연결하기 어렵당께는 점이 가장 불편한당께당께.,광주·전남에서 지내다 보니 취업준비생 입장에서 교육 이후 포트폴리오로 연결하기 어렵다는 점이 가장 불편합니다.
광주·전남에서 지내다 보니 자취하는 청년 입장에서 보증금 마련이 부담된다고 생각한당께당께.,광주·전남에서 지내다 보니 자취하는 청년 입장에서 보증금 마련이 부담된다고 생각합니다.
실제로 이용해보니 지역 청년 입장에서 지역별 행사 정보를 비교하기 어렵당께고 생각한당께당께.,실제로 이용해보니 지역 청년 입장에서 지역별 행사 정보를 비교하기 어렵다고 생각합니다.
실제로 이용해보니 프리랜서 입장에서 사업 단계에 맞는 지원을 찾기 어렵당께는 부분이 개선됐으면 한당께당께.,실제로 이용해보니 프리랜서 입장에서 사업 단계에 맞는 지원을 찾기 어렵다는 부분이 개선됐으면 합니다.
개인적으로 출퇴근하는 청년 입장에서 지역 간 환승이 불편하다는 부분이 개선됐으면 한당께당께.,개인적으로 출퇴근하는 청년 입장에서 지역 간 환승이 불편하다는 부분이 개선됐으면 합니다.
요즘 느끼는 건 타지역에서 이주한 청년 입장에서 직장 근처에 적당한 주거지가 부족한당께는 점이 가장 불편한당께당께.,요즘 느끼는 건 타지역에서 이주한 청년 입장에서 직장 근처에 적당한 주거지가 부족하다는 점이 가장 불편합니다.
요즘 느끼는 건 지역 청년 입장에서 기업이 원하는 역량을 구체적으로 알기 어렵당께는 부분이 개선됐으면 한당께당께.,요즘 느끼는 건 지역 청년 입장에서 기업이 원하는 역량을 구체적으로 알기 어렵다는 부분이 개선됐으면 합니다.
요즘 느끼는 건 정책 수혜 대상자 입장에서 신청 자격조건이 복잡하고 설명이 어렵당께는 부분이 개선됐으면 한당께당께.,요즘 느끼는 건 정책 수혜 대상자 입장에서 신청 자격조건이 복잡하고 설명이 어렵다는 부분이 개선됐으면 합니다.
취업을 준비하면서 여러 기관의 지원사업을 한 번에 검색하고 싶당께당께.,취업을 준비하면서 여러 기관의 지원사업을 한 번에 검색하고 싶다.
주변에서도 많이 말하는데 지역 창업지원 정보를 한 플랫폼에서 보고 싶다 다만 지역 간 환승이 불편하다고 생각한당께당께.,주변에서도 많이 말하는데 지역 창업지원 정보를 한 플랫폼에서 보고 싶다 다만 지역 간 환승이 불편하다고 생각합니다.
취업을 준비하면서 내 역량에 맞는 직무를 추천받고 싶다는 부분이 개선됐으면 한당께당께.,취업을 준비하면서 내 역량에 맞는 직무를 추천받고 싶다는 부분이 개선됐으면 합니다.
비전공자 입장에서 프로젝트 경험을 쌓을 기회가 부족한당께는 부분이 개선됐으면 한당께당께.,비전공자 입장에서 프로젝트 경험을 쌓을 기회가 부족하다는 부분이 개선됐으면 합니다.
개인적으로 졸업예정자 입장에서 기업이 원하는 역량을 구체적으로 알기 어렵당께 특히 주말에 참여할 커뮤니티 프로그램을 찾기 어렵당께는 의견입니다당께.,개인적으로 졸업예정자 입장에서 기업이 원하는 역량을 구체적으로 알기 어렵다 특히 주말에 참여할 커뮤니티 프로그램을 찾기 어렵다는 의견입니다.
개인적으로 예비창업자 입장에서 지원금 신청 절차가 복잡하다는 부분이 개선됐으면 한당께당께.,개인적으로 예비창업자 입장에서 지원금 신청 절차가 복잡하다는 부분이 개선됐으면 합니다.
요즘 느끼는 건 사회초년생 입장에서 단기 거주가 가능한 주택 정보를 찾기 어렵당께 다만 청년 할인 혜택을 한눈에 알기 어렵당께당께.,요즘 느끼는 건 사회초년생 입장에서 단기 거주가 가능한 주택 정보를 찾기 어렵다 다만 청년 할인 혜택을 한눈에 알기 어렵다.
지역에서 생활하면서 지역 청년 입장에서 문의할 기관을 찾는 데 시간이 오래 걸린다고 생각한당께당께.,지역에서 생활하면서 지역 청년 입장에서 문의할 기관을 찾는 데 시간이 오래 걸린다고 생각합니다.
주변에서도 많이 말하는데 지역기업 채용설명회가 실제 취업 준비에 도움이 됐다는 점이 가장 불편한당께당께.,주변에서도 많이 말하는데 지역기업 채용설명회가 실제 취업 준비에 도움이 됐다는 점이 가장 불편합니다.
주변에서도 많이 말하는데 청년 사업자 입장에서 사업 단계에 맞는 지원을 찾기 어렵당께는 부분이 개선됐으면 한당께당께.,주변에서도 많이 말하는데 청년 사업자 입장에서 사업 단계에 맞는 지원을 찾기 어렵다는 부분이 개선됐으면 합니다.
실제로 이용해보니 직장인 입장에서 지역 소규모 행사 정보는 검색이 잘 되지 않는다고 생각한당께당께.,실제로 이용해보니 직장인 입장에서 지역 소규모 행사 정보는 검색이 잘 되지 않는다고 생각합니다.
취업을 준비하면서 공연·전시·체육 정보를 한곳에서 보고 싶다 다만 지역에서는 고급 교육과정이 상대적으로 적다당께.,취업을 준비하면서 공연·전시·체육 정보를 한곳에서 보고 싶다 다만 지역에서는 고급 교육과정이 상대적으로 적다.
지역에서 생활하면서 취업준비생 입장에서 주거지원 정책마다 자격요건이 달라 헷갈린다 그리고 청년 할인 혜택을 한눈에 알기 어렵당께고 생각한당께당께.,지역에서 생활하면서 취업준비생 입장에서 주거지원 정책마다 자격요건이 달라 헷갈린다 그리고 청년 할인 혜택을 한눈에 알기 어렵다고 생각합니다.
요즘 느끼는 건 주거비 지원을 받아 지역에 계속 머무를 수 있게 됐다는 점이 가장 불편한당께당께.,요즘 느끼는 건 주거비 지원을 받아 지역에 계속 머무를 수 있게 됐다는 점이 가장 불편합니다.
지역에서 생활하면서 비전공자 입장에서 기업별 직무 정보가 너무 부족한당께라고 느끼당께당께.,지역에서 생활하면서 비전공자 입장에서 기업별 직무 정보가 너무 부족하다라고 느낍니다.
광주·전남에서 지내다 보니 비전공자 입장에서 지역에서는 고급 교육과정이 상대적으로 적다는 의견입니다당께.,광주·전남에서 지내다 보니 비전공자 입장에서 지역에서는 고급 교육과정이 상대적으로 적다는 의견입니다.
취업을 준비하면서 재직 청년 입장에서 어떤 기술부터 배워야 할지 모르겠다면 좋겠당께,취업을 준비하면서 재직 청년 입장에서 어떤 기술부터 배워야 할지 모르겠다면 좋겠습니다.
현직자 멘토링을 통해 지역기업 정보를 얻을 수 있어 유익했다는 점이 가장 불편한당께당께.,현직자 멘토링을 통해 지역기업 정보를 얻을 수 있어 유익했다는 점이 가장 불편합니다.
실제로 이용해보니 최근 청년 취업 프로그램이 다양해진 점은 좋다라고 느끼당께당께.,실제로 이용해보니 최근 청년 취업 프로그램이 다양해진 점은 좋다라고 느낍니다.
지역에서 생활하면서 대학생 입장에서 버스 도착 정보가 실제와 다른 경우가 있당께면 좋겠당께,지역에서 생활하면서 대학생 입장에서 버스 도착 정보가 실제와 다른 경우가 있다면 좋겠습니다.
요즘 느끼는 건 직무전환을 준비하는 사람 입장에서 프로젝트 경험을 쌓을 기회가 부족한당께라고 느끼당께당께.,요즘 느끼는 건 직무전환을 준비하는 사람 입장에서 프로젝트 경험을 쌓을 기회가 부족하다라고 느낍니다.
1인 가구 입장에서 생활체육 프로그램 정보가 부족한당께는 부분이 개선됐으면 한당께당께.,1인 가구 입장에서 생활체육 프로그램 정보가 부족하다는 부분이 개선됐으면 합니다.
요즘 느끼는 건 예비창업자 입장에서 초기 고객을 찾기 어렵당께라고 느끼당께당께.,요즘 느끼는 건 예비창업자 입장에서 초기 고객을 찾기 어렵다라고 느낍니다.
광주·전남에서 지내다 보니 초기창업자 입장에서 기업 간 협업 파트너를 찾기 어렵당께당께.,광주·전남에서 지내다 보니 초기창업자 입장에서 기업 간 협업 파트너를 찾기 어렵다.
요즘 느끼는 건 정책 내용을 쉬운 말로 요약해서 보고 싶다고 생각한당께당께.,요즘 느끼는 건 정책 내용을 쉬운 말로 요약해서 보고 싶다고 생각합니다.
개인적으로 사회초년생 입장에서 정책 변경사항을 제때 알기 어렵당께당께.,개인적으로 사회초년생 입장에서 정책 변경사항을 제때 알기 어렵다.
교육과 채용공고를 연결해서 보여주면 좋겄네 그리고 월세 부담이 너무 크다라고 느끼당께당께.,교육과 채용공고를 연결해서 보여주면 좋겠다 그리고 월세 부담이 너무 크다라고 느낍니다.
취업을 준비하면서 청년 사업자 입장에서 지원사업 공고가 여러 기관에 흩어져 있당께당께.,취업을 준비하면서 청년 사업자 입장에서 지원사업 공고가 여러 기관에 흩어져 있다.
여러 기관의 지원사업을 한 번에 검색하고 싶당께당께.,여러 기관의 지원사업을 한 번에 검색하고 싶다.
실제로 이용해보니 최근 소규모 공연과 전시가 늘어난 점이 좋다고 생각한당께당께.,실제로 이용해보니 최근 소규모 공연과 전시가 늘어난 점이 좋다고 생각합니다.
요즘 느끼는 건 공유오피스 지원이 초기 창업자에게 유용했다라고 느끼당께당께.,요즘 느끼는 건 공유오피스 지원이 초기 창업자에게 유용했다라고 느낍니다.
취업을 준비하면서 사회초년생 입장에서 청년정책 정보가 기관별로 흩어져 있당께 그리고 막차 시간이 빨라 늦게까지 활동하기 어렵당께는 부분이 개선됐으면 한당께당께.,취업을 준비하면서 사회초년생 입장에서 청년정책 정보가 기관별로 흩어져 있다 그리고 막차 시간이 빨라 늦게까지 활동하기 어렵다는 부분이 개선됐으면 합니다.
예비창업자 입장에서 사업계획서 작성이 어렵당께면 좋겠당께,예비창업자 입장에서 사업계획서 작성이 어렵다면 좋겠습니다.
비전공자 입장에서 괜찮은 일자리가 어디에 있는지 모르겠다고 생각한당께당께.,비전공자 입장에서 괜찮은 일자리가 어디에 있는지 모르겠다고 생각합니다.
실제로 이용해보니 프리랜서 입장에서 지원사업 공고가 여러 기관에 흩어져 있당께는 의견입니다당께.,실제로 이용해보니 프리랜서 입장에서 지원사업 공고가 여러 기관에 흩어져 있다는 의견입니다.
신혼 청년 입장에서 교통이 편리한 곳의 주거비가 너무 비싸다는 의견입니다당께.,신혼 청년 입장에서 교통이 편리한 곳의 주거비가 너무 비싸다는 의견입니다.
주변에서도 많이 말하는데 자취하는 청년 입장에서 지원 가능한 주거사업 조건이 복잡하다라고 느끼당께당께.,주변에서도 많이 말하는데 자취하는 청년 입장에서 지원 가능한 주거사업 조건이 복잡하다라고 느낍니다.
실습 중심의 프로젝트형 교육이 더 많았으면 좋겄네 그리고 정책 이름만 봐서는 내용을 이해하기 어렵당께는 의견입니다당께.,실습 중심의 프로젝트형 교육이 더 많았으면 좋겠다 그리고 정책 이름만 봐서는 내용을 이해하기 어렵다는 의견입니다.
취업을 준비하면서 취업준비생 입장에서 신입이 지원할 수 있는 직무를 찾기 어렵당께는 의견입니다당께.,취업을 준비하면서 취업준비생 입장에서 신입이 지원할 수 있는 직무를 찾기 어렵다는 의견입니다.
주변에서도 많이 말하는데 교육과 채용공고를 연결해서 보여주면 좋겄네면 좋겠당께,주변에서도 많이 말하는데 교육과 채용공고를 연결해서 보여주면 좋겠다면 좋겠습니다.
취업을 준비하면서 지역 청년 입장에서 청년이 즐길 만한 문화행사 정보를 찾기 어렵당께당께.,취업을 준비하면서 지역 청년 입장에서 청년이 즐길 만한 문화행사 정보를 찾기 어렵다.
프리랜서 입장에서 공간 지원과 자금 지원 정보를 함께 찾기 어렵당께당께.,프리랜서 입장에서 공간 지원과 자금 지원 정보를 함께 찾기 어렵다.
지역에서 생활하면서 광주·전남을 오가는 사람 입장에서 자차가 없으면 갈 수 있는 일자리가 제한된다 또 지원금 신청 절차가 복잡하다라고 느끼당께당께.,지역에서 생활하면서 광주·전남을 오가는 사람 입장에서 자차가 없으면 갈 수 있는 일자리가 제한된다 또 지원금 신청 절차가 복잡하다라고 느낍니다.
광주·전남에서 지내다 보니 공연·전시·체육 정보를 한곳에서 보고 싶다 다만 창업지원사업이 너무 많아 어떤 것을 신청해야 할지 모르겠다당께.,광주·전남에서 지내다 보니 공연·전시·체육 정보를 한곳에서 보고 싶다 다만 창업지원사업이 너무 많아 어떤 것을 신청해야 할지 모르겠다.
광주·전남에서 지내다 보니 대학생 입장에서 늦은 시간까지 이용할 수 있는 문화공간이 부족한당께라고 느끼당께당께.,광주·전남에서 지내다 보니 대학생 입장에서 늦은 시간까지 이용할 수 있는 문화공간이 부족하다라고 느낍니다.
실제로 이용해보니 지원사업 마감일을 한 번에 관리하고 싶당께고 생각한당께당께.,실제로 이용해보니 지원사업 마감일을 한 번에 관리하고 싶다고 생각합니다.
개인적으로 취업준비생 입장에서 보증금 마련이 부담된다 또 사업계획서 작성이 어렵당께면 좋겠당께,개인적으로 취업준비생 입장에서 보증금 마련이 부담된다 또 사업계획서 작성이 어렵다면 좋겠습니다.
광주·전남에서 지내다 보니 신혼 청년 입장에서 직장 근처에 적당한 주거지가 부족한당께는 부분이 개선됐으면 한당께당께.,광주·전남에서 지내다 보니 신혼 청년 입장에서 직장 근처에 적당한 주거지가 부족하다는 부분이 개선됐으면 합니다.
청년 할인 정보를 함께 보여주면 좋겄네는 점이 가장 불편한당께당께.,청년 할인 정보를 함께 보여주면 좋겠다는 점이 가장 불편합니다.
개인적으로 취업준비생 입장에서 신청기간이 짧아 놓치는 경우가 많다면 좋겠당께,개인적으로 취업준비생 입장에서 신청기간이 짧아 놓치는 경우가 많다면 좋겠습니다.
광주·전남에서 지내다 보니 주말에 여가를 즐기는 사람 입장에서 지역별 행사 정보를 비교하기 어렵당께는 의견입니다당께.,광주·전남에서 지내다 보니 주말에 여가를 즐기는 사람 입장에서 지역별 행사 정보를 비교하기 어렵다는 의견입니다.
실제로 이용해보니 내 조건을 입력하면 받을 수 있는 정책을 추천받고 싶다는 부분이 개선됐으면 한당께당께.,실제로 이용해보니 내 조건을 입력하면 받을 수 있는 정책을 추천받고 싶다는 부분이 개선됐으면 합니다.
개인적으로 지역 스타트업 구성원 입장에서 초기 고객을 찾기 어렵당께 그리고 산단이나 기업 밀집지역으로 가는 교통편이 부족한당께당께.,개인적으로 지역 스타트업 구성원 입장에서 초기 고객을 찾기 어렵다 그리고 산단이나 기업 밀집지역으로 가는 교통편이 부족하다.
자취하는 청년 입장에서 청년주택 신청 시 필요한 서류가 많다라고 느끼당께당께.,자취하는 청년 입장에서 청년주택 신청 시 필요한 서류가 많다라고 느낍니다.
프로젝트 기반 교육이 취업 준비에 실제 도움이 됐다는 의견입니다당께.,프로젝트 기반 교육이 취업 준비에 실제 도움이 됐다는 의견입니다.
요즘 느끼는 건 지역 청년 입장에서 지역 소규모 행사 정보는 검색이 잘 되지 않는다면 좋겠당께,요즘 느끼는 건 지역 청년 입장에서 지역 소규모 행사 정보는 검색이 잘 되지 않는다면 좋겠습니다.
청년 사업자 입장에서 지원사업 마감일을 자주 놓친다면 좋겠당께,청년 사업자 입장에서 지원사업 마감일을 자주 놓친다면 좋겠습니다.
실제로 이용해보니 정책 수혜 대상자 입장에서 신청기간이 짧아 놓치는 경우가 많다고 생각한당께당께.,실제로 이용해보니 정책 수혜 대상자 입장에서 신청기간이 짧아 놓치는 경우가 많다고 생각합니다.
실제로 이용해보니 졸업예정자 입장에서 지역기업 채용정보를 한눈에 찾기 어렵당께는 의견입니다당께.,실제로 이용해보니 졸업예정자 입장에서 지역기업 채용정보를 한눈에 찾기 어렵다는 의견입니다.
개인적으로 초기창업자 입장에서 지원사업 공고가 여러 기관에 흩어져 있당께당께.,개인적으로 초기창업자 입장에서 지원사업 공고가 여러 기관에 흩어져 있다.
주변에서도 많이 말하는데 지원사업 마감일을 한 번에 관리하고 싶당께는 의견입니다당께.,주변에서도 많이 말하는데 지원사업 마감일을 한 번에 관리하고 싶다는 의견입니다.
요즘 느끼는 건 보증금과 월세 지원을 한 번에 확인하고 싶당께라고 느끼당께당께.,요즘 느끼는 건 보증금과 월세 지원을 한 번에 확인하고 싶다라고 느낍니다.
개인적으로 야간 근무자 입장에서 버스 배차간격이 길어 이동이 불편하다는 의견입니다당께.,개인적으로 야간 근무자 입장에서 버스 배차간격이 길어 이동이 불편하다는 의견입니다.
취업을 준비하면서 야간 근무자 입장에서 버스 배차간격이 길어 이동이 불편하다당께.,취업을 준비하면서 야간 근무자 입장에서 버스 배차간격이 길어 이동이 불편하다.
개인적으로 출퇴근하는 청년 입장에서 주말에는 버스가 너무 뜸하다라고 느끼당께당께.,개인적으로 출퇴근하는 청년 입장에서 주말에는 버스가 너무 뜸하다라고 느낍니다.
멘토링 프로그램이 사업 방향을 잡는 데 도움이 됐다당께.,멘토링 프로그램이 사업 방향을 잡는 데 도움이 됐다.
지역 청년 입장에서 청년 할인 혜택을 한눈에 알기 어렵당께당께.,지역 청년 입장에서 청년 할인 혜택을 한눈에 알기 어렵다.
취업을 준비하면서 청년 사업자 입장에서 지원금 신청 절차가 복잡하다는 의견입니다당께.,취업을 준비하면서 청년 사업자 입장에서 지원금 신청 절차가 복잡하다는 의견입니다.
개인적으로 대학생 입장에서 무료 교육은 신청기간을 놓치기 쉽다면 좋겠당께,개인적으로 대학생 입장에서 무료 교육은 신청기간을 놓치기 쉽다면 좋겠습니다.
출퇴근하는 청년 입장에서 주말에는 버스가 너무 뜸하다는 부분이 개선됐으면 한당께당께.,출퇴근하는 청년 입장에서 주말에는 버스가 너무 뜸하다는 부분이 개선됐으면 합니다.
개인적으로 최근 청년정책 안내가 이전보다 쉬워진 점은 좋다 특히 초기 고객을 찾기 어렵당께는 부분이 개선됐으면 한당께당께.,개인적으로 최근 청년정책 안내가 이전보다 쉬워진 점은 좋다 특히 초기 고객을 찾기 어렵다는 부분이 개선됐으면 합니다.
실제로 이용해보니 취업준비생 입장에서 단기 거주가 가능한 주택 정보를 찾기 어렵당께면 좋겠당께,실제로 이용해보니 취업준비생 입장에서 단기 거주가 가능한 주택 정보를 찾기 어렵다면 좋겠습니다.
개인적으로 대학생 입장에서 지역에서는 고급 교육과정이 상대적으로 적다는 점이 가장 불편한당께당께.,개인적으로 대학생 입장에서 지역에서는 고급 교육과정이 상대적으로 적다는 점이 가장 불편합니다.
지역에서 생활하면서 재직 청년 입장에서 교육 프로그램 정보가 기관별로 흩어져 있당께는 부분이 개선됐으면 한당께당께.,지역에서 생활하면서 재직 청년 입장에서 교육 프로그램 정보가 기관별로 흩어져 있다는 부분이 개선됐으면 합니다.
지역에서 생활하면서 직무전환을 준비하는 사람 입장에서 교육과 실제 채용 요구역량이 잘 맞지 않는다는 점이 가장 불편한당께당께.,지역에서 생활하면서 직무전환을 준비하는 사람 입장에서 교육과 실제 채용 요구역량이 잘 맞지 않는다는 점이 가장 불편합니다.
실제로 이용해보니 청년 할인 정보를 함께 보여주면 좋겄네당께.,실제로 이용해보니 청년 할인 정보를 함께 보여주면 좋겠다.
실제로 이용해보니 최근 소규모 공연과 전시가 늘어난 점이 좋다는 부분이 개선됐으면 한당께당께.,실제로 이용해보니 최근 소규모 공연과 전시가 늘어난 점이 좋다는 부분이 개선됐으면 합니다.
요즘 느끼는 건 지역 청년 입장에서 정책 이름만 봐서는 내용을 이해하기 어렵당께는 의견입니다당께.,요즘 느끼는 건 지역 청년 입장에서 정책 이름만 봐서는 내용을 이해하기 어렵다는 의견입니다.
지역에서 생활하면서 취업준비생 입장에서 기업별 직무 정보가 너무 부족한당께는 점이 가장 불편한당께당께.,지역에서 생활하면서 취업준비생 입장에서 기업별 직무 정보가 너무 부족하다는 점이 가장 불편합니다.
실제로 이용해보니 대학생 입장에서 버스 배차간격이 길어 이동이 불편하다면 좋겠당께,실제로 이용해보니 대학생 입장에서 버스 배차간격이 길어 이동이 불편하다면 좋겠습니다.
개인적으로 정책 내용을 쉬운 말로 요약해서 보고 싶다는 의견입니다당께.,개인적으로 정책 내용을 쉬운 말로 요약해서 보고 싶다는 의견입니다.
지역에서 생활하면서 재직 청년 입장에서 프로젝트 경험을 쌓을 기회가 부족한당께고 생각한당께당께.,지역에서 생활하면서 재직 청년 입장에서 프로젝트 경험을 쌓을 기회가 부족하다고 생각합니다.
주변에서도 많이 말하는데 광주·전남을 오가는 사람 입장에서 면접이나 출근 시간에 맞는 교통편이 부족한당께고 생각한당께당께.,주변에서도 많이 말하는데 광주·전남을 오가는 사람 입장에서 면접이나 출근 시간에 맞는 교통편이 부족하다고 생각합니다.
요즘 느끼는 건 취업준비생 입장에서 인턴이나 현장실습 기회를 찾기 어렵당께 또 청년 할인 혜택을 한눈에 알기 어렵당께는 부분이 개선됐으면 한당께당께.,요즘 느끼는 건 취업준비생 입장에서 인턴이나 현장실습 기회를 찾기 어렵다 또 청년 할인 혜택을 한눈에 알기 어렵다는 부분이 개선됐으면 합니다.
지역에서 생활하면서 정책 수혜 대상자 입장에서 문의할 기관을 찾는 데 시간이 오래 걸린다당께.,지역에서 생활하면서 정책 수혜 대상자 입장에서 문의할 기관을 찾는 데 시간이 오래 걸린다.
취업을 준비하면서 산단과 주요 거점을 잇는 셔틀이 있으면 좋겄네 특히 전세나 월세 시세를 비교하기 어렵당께는 의견입니다당께.,취업을 준비하면서 산단과 주요 거점을 잇는 셔틀이 있으면 좋겠다 특히 전세나 월세 시세를 비교하기 어렵다는 의견입니다.
요즘 느끼는 건 지역 청년 입장에서 지역기업 채용정보를 한눈에 찾기 어렵당께 특히 주말에는 버스가 너무 뜸하다면 좋겠당께,요즘 느끼는 건 지역 청년 입장에서 지역기업 채용정보를 한눈에 찾기 어렵다 특히 주말에는 버스가 너무 뜸하다면 좋겠습니다.
실제로 이용해보니 대중교통 이용자 입장에서 산단이나 기업 밀집지역으로 가는 교통편이 부족한당께고 생각한당께당께.,실제로 이용해보니 대중교통 이용자 입장에서 산단이나 기업 밀집지역으로 가는 교통편이 부족하다고 생각합니다.
취업을 준비하면서 산단과 주요 거점을 잇는 셔틀이 있으면 좋겄네라고 느끼당께당께.,취업을 준비하면서 산단과 주요 거점을 잇는 셔틀이 있으면 좋겠다라고 느낍니다.
프리랜서 입장에서 초기 고객을 찾기 어렵당께는 점이 가장 불편한당께당께.,프리랜서 입장에서 초기 고객을 찾기 어렵다는 점이 가장 불편합니다.
개인적으로 내 역량에 맞는 직무를 추천받고 싶다 특히 지역 간 환승이 불편하다라고 느끼당께당께.,개인적으로 내 역량에 맞는 직무를 추천받고 싶다 특히 지역 간 환승이 불편하다라고 느낍니다.
지역에서 생활하면서 사회초년생 입장에서 내가 어떤 지원을 받을 수 있는지 판단하기 어렵당께고 생각한당께당께.,지역에서 생활하면서 사회초년생 입장에서 내가 어떤 지원을 받을 수 있는지 판단하기 어렵다고 생각합니다.
취업을 준비하면서 청년 문화 프로그램에 참여하면서 새로운 사람들을 만날 수 있었다면 좋겠당께,취업을 준비하면서 청년 문화 프로그램에 참여하면서 새로운 사람들을 만날 수 있었다면 좋겠습니다.
주변에서도 많이 말하는데 대학생 입장에서 무료 교육은 신청기간을 놓치기 쉽다는 의견입니다당께.,주변에서도 많이 말하는데 대학생 입장에서 무료 교육은 신청기간을 놓치기 쉽다는 의견입니다.
취업을 준비하면서 비슷한 정책의 차이를 비교해주면 좋겄네고 생각한당께당께.,취업을 준비하면서 비슷한 정책의 차이를 비교해주면 좋겠다고 생각합니다.
지역에서 생활하면서 중소기업 재직자 입장에서 문의할 기관을 찾는 데 시간이 오래 걸린다는 부분이 개선됐으면 한당께당께.,지역에서 생활하면서 중소기업 재직자 입장에서 문의할 기관을 찾는 데 시간이 오래 걸린다는 부분이 개선됐으면 합니다.
초기창업자 입장에서 지원금 신청 절차가 복잡하다는 의견입니다당께.,초기창업자 입장에서 지원금 신청 절차가 복잡하다는 의견입니다.
요즘 느끼는 건 프리랜서 입장에서 지역의 투자자나 멘토를 만나기 어렵당께 특히 AI 교육은 많지만 수준을 판단하기 어렵당께당께.,요즘 느끼는 건 프리랜서 입장에서 지역의 투자자나 멘토를 만나기 어렵다 특히 AI 교육은 많지만 수준을 판단하기 어렵다.
취업을 준비하면서 출퇴근하는 청년 입장에서 면접이나 출근 시간에 맞는 교통편이 부족한당께면 좋겠당께,취업을 준비하면서 출퇴근하는 청년 입장에서 면접이나 출근 시간에 맞는 교통편이 부족하다면 좋겠습니다.
주변에서도 많이 말하는데 타지역에서 이주한 청년 입장에서 단기 거주가 가능한 주택 정보를 찾기 어렵당께고 생각한당께당께.,주변에서도 많이 말하는데 타지역에서 이주한 청년 입장에서 단기 거주가 가능한 주택 정보를 찾기 어렵다고 생각합니다.
광주·전남에서 지내다 보니 내 역량에 맞는 직무를 추천받고 싶다는 의견입니다당께.,광주·전남에서 지내다 보니 내 역량에 맞는 직무를 추천받고 싶다는 의견입니다.
요즘 느끼는 건 출퇴근 시간대 배차를 늘려줬으면 좋겄네는 점이 가장 불편한당께당께.,요즘 느끼는 건 출퇴근 시간대 배차를 늘려줬으면 좋겠다는 점이 가장 불편합니다.
주변에서도 많이 말하는데 재직 청년 입장에서 AI 교육은 많지만 수준을 판단하기 어렵당께라고 느끼당께당께.,주변에서도 많이 말하는데 재직 청년 입장에서 AI 교육은 많지만 수준을 판단하기 어렵다라고 느낍니다.
개인적으로 광주·전남을 오가는 사람 입장에서 산단이나 기업 밀집지역으로 가는 교통편이 부족한당께라고 느끼당께당께.,개인적으로 광주·전남을 오가는 사람 입장에서 산단이나 기업 밀집지역으로 가는 교통편이 부족하다라고 느낍니다.
광주·전남에서 지내다 보니 예비창업자 입장에서 초기 고객을 찾기 어렵당께라고 느끼당께당께.,광주·전남에서 지내다 보니 예비창업자 입장에서 초기 고객을 찾기 어렵다라고 느낍니다.
취업을 준비하면서 최근 일부 노선의 배차가 개선돼 이동이 편해졌다는 점이 가장 불편한당께당께.,취업을 준비하면서 최근 일부 노선의 배차가 개선돼 이동이 편해졌다는 점이 가장 불편합니다.
취업을 준비하면서 내 조건에 맞는 주거지원 정책을 자동으로 추천받고 싶다 특히 청년 할인 혜택을 한눈에 알기 어렵당께고 생각한당께당께.,취업을 준비하면서 내 조건에 맞는 주거지원 정책을 자동으로 추천받고 싶다 특히 청년 할인 혜택을 한눈에 알기 어렵다고 생각합니다.
광주·전남을 오가는 사람 입장에서 야간 대중교통이 부족한당께 그리고 채용공고가 여러 사이트에 흩어져 있당께고 생각한당께당께.,광주·전남을 오가는 사람 입장에서 야간 대중교통이 부족하다 그리고 채용공고가 여러 사이트에 흩어져 있다고 생각합니다.
개인적으로 청년 사업자 입장에서 지원사업 마감일을 자주 놓친다당께.,개인적으로 청년 사업자 입장에서 지원사업 마감일을 자주 놓친다.
개인적으로 예비창업자 입장에서 지원사업 마감일을 자주 놓친다는 의견입니다당께.,개인적으로 예비창업자 입장에서 지원사업 마감일을 자주 놓친다는 의견입니다.
취업을 준비하면서 정책 수혜 대상자 입장에서 필요한 서류를 사전에 확인하기 어렵당께고 생각한당께당께.,취업을 준비하면서 정책 수혜 대상자 입장에서 필요한 서류를 사전에 확인하기 어렵다고 생각합니다.
지역 청년 입장에서 필요한 서류를 사전에 확인하기 어렵당께고 생각한당께당께.,지역 청년 입장에서 필요한 서류를 사전에 확인하기 어렵다고 생각합니다.
주변에서도 많이 말하는데 지역 청년 입장에서 생활체육 프로그램 정보가 부족한당께당께.,주변에서도 많이 말하는데 지역 청년 입장에서 생활체육 프로그램 정보가 부족하다.
실제로 이용해보니 직무전환을 준비하는 사람 입장에서 지역에서는 고급 교육과정이 상대적으로 적다면 좋겠당께,실제로 이용해보니 직무전환을 준비하는 사람 입장에서 지역에서는 고급 교육과정이 상대적으로 적다면 좋겠습니다.
주변에서도 많이 말하는데 보증금과 월세 지원을 한 번에 확인하고 싶당께면 좋겠당께,주변에서도 많이 말하는데 보증금과 월세 지원을 한 번에 확인하고 싶다면 좋겠습니다.
취업을 준비하면서 정책 알림 서비스를 통해 지원사업을 놓치지 않을 수 있었다는 점이 가장 불편한당께당께.,취업을 준비하면서 정책 알림 서비스를 통해 지원사업을 놓치지 않을 수 있었다는 점이 가장 불편합니다.
주변에서도 많이 말하는데 공연·전시·체육 정보를 한곳에서 보고 싶다 또 신청기간이 짧아 놓치는 경우가 많다는 의견입니다당께.,주변에서도 많이 말하는데 공연·전시·체육 정보를 한곳에서 보고 싶다 또 신청기간이 짧아 놓치는 경우가 많다는 의견입니다.
취업준비생 입장에서 신청기간이 짧아 놓치는 경우가 많다는 점이 가장 불편한당께당께.,취업준비생 입장에서 신청기간이 짧아 놓치는 경우가 많다는 점이 가장 불편합니다.
지역에서 생활하면서 지원사업 마감일을 한 번에 관리하고 싶당께는 부분이 개선됐으면 한당께당께.,지역에서 생활하면서 지원사업 마감일을 한 번에 관리하고 싶다는 부분이 개선됐으면 합니다.
개인적으로 대중교통 이용자 입장에서 버스 배차간격이 길어 이동이 불편하다 특히 채용공고가 여러 사이트에 흩어져 있당께라고 느끼당께당께.,개인적으로 대중교통 이용자 입장에서 버스 배차간격이 길어 이동이 불편하다 특히 채용공고가 여러 사이트에 흩어져 있다라고 느낍니다.
취업을 준비하면서 주거비 지원을 받아 지역에 계속 머무를 수 있게 됐다 다만 신청 자격조건이 복잡하고 설명이 어렵당께는 점이 가장 불편한당께당께.,취업을 준비하면서 주거비 지원을 받아 지역에 계속 머무를 수 있게 됐다 다만 신청 자격조건이 복잡하고 설명이 어렵다는 점이 가장 불편합니다.
주변에서도 많이 말하는데 신혼 청년 입장에서 단기 거주가 가능한 주택 정보를 찾기 어렵당께는 부분이 개선됐으면 한당께당께.,주변에서도 많이 말하는데 신혼 청년 입장에서 단기 거주가 가능한 주택 정보를 찾기 어렵다는 부분이 개선됐으면 합니다.
요즘 느끼는 건 기업별 직무와 요구역량을 비교할 수 있으면 좋겄네 다만 월세 부담이 너무 크다는 부분이 개선됐으면 한당께당께.,요즘 느끼는 건 기업별 직무와 요구역량을 비교할 수 있으면 좋겠다 다만 월세 부담이 너무 크다는 부분이 개선됐으면 합니다.
요즘 느끼는 건 출퇴근 시간대 배차를 늘려줬으면 좋겄네당께.,요즘 느끼는 건 출퇴근 시간대 배차를 늘려줬으면 좋겠다.
실제로 이용해보니 내 수준과 목표에 맞는 교육과정을 추천받고 싶다 다만 청년주택 정보를 찾기 어렵당께는 점이 가장 불편한당께당께.,실제로 이용해보니 내 수준과 목표에 맞는 교육과정을 추천받고 싶다 다만 청년주택 정보를 찾기 어렵다는 점이 가장 불편합니다.
취업을 준비하면서 여러 기관의 지원사업을 한 번에 검색하고 싶당께라고 느끼당께당께.,취업을 준비하면서 여러 기관의 지원사업을 한 번에 검색하고 싶다라고 느낍니다.
지역에서 생활하면서 비전공자 입장에서 무료 교육은 신청기간을 놓치기 쉽다는 의견입니다당께.,지역에서 생활하면서 비전공자 입장에서 무료 교육은 신청기간을 놓치기 쉽다는 의견입니다.
요즘 느끼는 건 예비창업자 입장에서 지원사업 마감일을 자주 놓친다 그리고 채용공고가 여러 사이트에 흩어져 있당께는 부분이 개선됐으면 한당께당께.,요즘 느끼는 건 예비창업자 입장에서 지원사업 마감일을 자주 놓친다 그리고 채용공고가 여러 사이트에 흩어져 있다는 부분이 개선됐으면 합니다.
광주·전남에서 지내다 보니 현직자 강의는 직무 이해에 도움이 됐다당께.,광주·전남에서 지내다 보니 현직자 강의는 직무 이해에 도움이 됐다.
주변에서도 많이 말하는데 직장인 입장에서 생활체육 프로그램 정보가 부족한당께당께.,주변에서도 많이 말하는데 직장인 입장에서 생활체육 프로그램 정보가 부족하다.
주변에서도 많이 말하는데 위치와 시간에 맞춰 여가 활동을 추천해주면 좋겄네는 의견입니다당께.,주변에서도 많이 말하는데 위치와 시간에 맞춰 여가 활동을 추천해주면 좋겠다는 의견입니다.
취업을 준비하면서 자취하는 청년 입장에서 청년주택 정보를 찾기 어렵당께라고 느끼당께당께.,취업을 준비하면서 자취하는 청년 입장에서 청년주택 정보를 찾기 어렵다라고 느낍니다.
지역에서 생활하면서 창업지원 프로그램을 통해 초기 비용 부담을 줄일 수 있었다면 좋겠당께,지역에서 생활하면서 창업지원 프로그램을 통해 초기 비용 부담을 줄일 수 있었다면 좋겠습니다.
지역 청년 입장에서 공연이나 전시 정보가 여러 채널에 흩어져 있당께는 부분이 개선됐으면 한당께당께.,지역 청년 입장에서 공연이나 전시 정보가 여러 채널에 흩어져 있다는 부분이 개선됐으면 합니다.
개인적으로 지역 청년 입장에서 지역기업 채용정보를 한눈에 찾기 어렵당께면 좋겠당께,개인적으로 지역 청년 입장에서 지역기업 채용정보를 한눈에 찾기 어렵다면 좋겠습니다.
지역에서 생활하면서 1인 가구 입장에서 생활체육 프로그램 정보가 부족한당께는 부분이 개선됐으면 한당께당께.,지역에서 생활하면서 1인 가구 입장에서 생활체육 프로그램 정보가 부족하다는 부분이 개선됐으면 합니다.
요즘 느끼는 건 야간 근무자 입장에서 야간 대중교통이 부족한당께는 의견입니다당께.,요즘 느끼는 건 야간 근무자 입장에서 야간 대중교통이 부족하다는 의견입니다.
지역에서 생활하면서 대학생 입장에서 생활체육 프로그램 정보가 부족한당께 또 교육과 실제 채용 요구역량이 잘 맞지 않는다는 부분이 개선됐으면 한당께당께.,지역에서 생활하면서 대학생 입장에서 생활체육 프로그램 정보가 부족하다 또 교육과 실제 채용 요구역량이 잘 맞지 않는다는 부분이 개선됐으면 합니다.
실제로 이용해보니 취업준비생 입장에서 AI 교육은 많지만 수준을 판단하기 어렵당께고 생각한당께당께.,실제로 이용해보니 취업준비생 입장에서 AI 교육은 많지만 수준을 판단하기 어렵다고 생각합니다.
실시간 교통 데이터를 활용해 경로를 추천해주면 좋겄네는 점이 가장 불편한당께당께.,실시간 교통 데이터를 활용해 경로를 추천해주면 좋겠다는 점이 가장 불편합니다.
광주·전남에서 지내다 보니 사업계획서를 점검해주는 서비스가 있으면 좋겄네는 의견입니다당께.,광주·전남에서 지내다 보니 사업계획서를 점검해주는 서비스가 있으면 좋겠다는 의견입니다.
지역에서 생활하면서 재직 청년 입장에서 AI 교육은 많지만 수준을 판단하기 어렵당께 그리고 막차 시간이 빨라 늦게까지 활동하기 어렵당께는 부분이 개선됐으면 한당께당께.,지역에서 생활하면서 재직 청년 입장에서 AI 교육은 많지만 수준을 판단하기 어렵다 그리고 막차 시간이 빨라 늦게까지 활동하기 어렵다는 부분이 개선됐으면 합니다.
대학생 입장에서 산단이나 기업 밀집지역으로 가는 교통편이 부족한당께는 점이 가장 불편한당께당께.,대학생 입장에서 산단이나 기업 밀집지역으로 가는 교통편이 부족하다는 점이 가장 불편합니다.
요즘 느끼는 건 사업계획서를 점검해주는 서비스가 있으면 좋겄네는 의견입니다당께.,요즘 느끼는 건 사업계획서를 점검해주는 서비스가 있으면 좋겠다는 의견입니다.
개인적으로 지역 청년 입장에서 괜찮은 일자리가 어디에 있는지 모르겠다 그리고 청년 할인 혜택을 한눈에 알기 어렵당께면 좋겠당께,개인적으로 지역 청년 입장에서 괜찮은 일자리가 어디에 있는지 모르겠다 그리고 청년 할인 혜택을 한눈에 알기 어렵다면 좋겠습니다.
대학생 입장에서 교육 이후 포트폴리오로 연결하기 어렵당께당께.,대학생 입장에서 교육 이후 포트폴리오로 연결하기 어렵다.
요즘 느끼는 건 취업준비생 입장에서 인턴이나 현장실습 기회를 찾기 어렵당께고 생각한당께당께.,요즘 느끼는 건 취업준비생 입장에서 인턴이나 현장실습 기회를 찾기 어렵다고 생각합니다.
주변에서도 많이 말하는데 경력 초기 청년 입장에서 지역기업의 연봉이나 복지 정보를 비교하기 어렵당께고 생각한당께당께.,주변에서도 많이 말하는데 경력 초기 청년 입장에서 지역기업의 연봉이나 복지 정보를 비교하기 어렵다고 생각합니다.
개인적으로 비전공자 입장에서 교육 이후 포트폴리오로 연결하기 어렵당께면 좋겠당께,개인적으로 비전공자 입장에서 교육 이후 포트폴리오로 연결하기 어렵다면 좋겠습니다.
지역에서 생활하면서 직무전환을 준비하는 사람 입장에서 AI 교육은 많지만 수준을 판단하기 어렵당께당께.,지역에서 생활하면서 직무전환을 준비하는 사람 입장에서 AI 교육은 많지만 수준을 판단하기 어렵다.
개인적으로 자취하는 청년 입장에서 청년주택 신청 시 필요한 서류가 많다고 생각한당께당께.,개인적으로 자취하는 청년 입장에서 청년주택 신청 시 필요한 서류가 많다고 생각합니다.
대학생 입장에서 행사 신청 방법이 제각각이라 불편하다는 부분이 개선됐으면 한당께당께.,대학생 입장에서 행사 신청 방법이 제각각이라 불편하다는 부분이 개선됐으면 합니다.
취업을 준비하면서 지역대학 학생 입장에서 기업이 원하는 역량을 구체적으로 알기 어렵당께는 부분이 개선됐으면 한당께당께.,취업을 준비하면서 지역대학 학생 입장에서 기업이 원하는 역량을 구체적으로 알기 어렵다는 부분이 개선됐으면 합니다.
취업을 준비하면서 예비창업자 입장에서 창업지원사업이 너무 많아 어떤 것을 신청해야 할지 모르겠다는 부분이 개선됐으면 한당께당께.,취업을 준비하면서 예비창업자 입장에서 창업지원사업이 너무 많아 어떤 것을 신청해야 할지 모르겠다는 부분이 개선됐으면 합니다.
주변에서도 많이 말하는데 공유오피스 지원이 초기 창업자에게 유용했다당께.,주변에서도 많이 말하는데 공유오피스 지원이 초기 창업자에게 유용했다.
취업을 준비하면서 온라인 신청이 가능해져 예전보다 행정 절차가 편해졌다 특히 야간 대중교통이 부족한당께는 점이 가장 불편한당께당께.,취업을 준비하면서 온라인 신청이 가능해져 예전보다 행정 절차가 편해졌다 특히 야간 대중교통이 부족하다는 점이 가장 불편합니다.
요즘 느끼는 건 공공자전거를 함께 이용하니 가까운 거리는 이동이 편리하다는 점이 가장 불편한당께당께.,요즘 느끼는 건 공공자전거를 함께 이용하니 가까운 거리는 이동이 편리하다는 점이 가장 불편합니다.
요즘 느끼는 건 야간 이동 수요를 반영한 교통서비스가 필요하다는 점이 가장 불편한당께당께.,요즘 느끼는 건 야간 이동 수요를 반영한 교통서비스가 필요하다는 점이 가장 불편합니다.
중소기업 재직자 입장에서 홈페이지마다 검색 방식이 달라 불편하다는 의견입니다당께.,중소기업 재직자 입장에서 홈페이지마다 검색 방식이 달라 불편하다는 의견입니다.
지역 청년 입장에서 비슷한 정책이 많아 차이를 비교하기 어렵당께당께.,지역 청년 입장에서 비슷한 정책이 많아 차이를 비교하기 어렵다.
실제로 이용해보니 야간 이동 수요를 반영한 교통서비스가 필요하다는 점이 가장 불편한당께당께.,실제로 이용해보니 야간 이동 수요를 반영한 교통서비스가 필요하다는 점이 가장 불편합니다.
취업을 준비하면서 취업준비생 입장에서 교육과 실제 채용 요구역량이 잘 맞지 않는다고 생각한당께당께.,취업을 준비하면서 취업준비생 입장에서 교육과 실제 채용 요구역량이 잘 맞지 않는다고 생각합니다.
요즘 느끼는 건 주거비 지원을 받아 지역에 계속 머무를 수 있게 됐다는 의견입니다당께.,요즘 느끼는 건 주거비 지원을 받아 지역에 계속 머무를 수 있게 됐다는 의견입니다.
요즘 느끼는 건 타지역에서 이주한 청년 입장에서 월세 부담이 너무 크다면 좋겠당께,요즘 느끼는 건 타지역에서 이주한 청년 입장에서 월세 부담이 너무 크다면 좋겠습니다.
광주·전남에서 지내다 보니 야간 근무자 입장에서 야간 대중교통이 부족한당께당께.,광주·전남에서 지내다 보니 야간 근무자 입장에서 야간 대중교통이 부족하다.
광주·전남에서 지내다 보니 신혼 청년 입장에서 전세나 월세 시세를 비교하기 어렵당께면 좋겠당께,광주·전남에서 지내다 보니 신혼 청년 입장에서 전세나 월세 시세를 비교하기 어렵다면 좋겠습니다.
광주·전남에서 지내다 보니 지역 청년 입장에서 필요한 서류를 사전에 확인하기 어렵당께라고 느끼당께당께.,광주·전남에서 지내다 보니 지역 청년 입장에서 필요한 서류를 사전에 확인하기 어렵다라고 느낍니다.
주변에서도 많이 말하는데 대학생 입장에서 교육 이후 포트폴리오로 연결하기 어렵당께라고 느끼당께당께.,주변에서도 많이 말하는데 대학생 입장에서 교육 이후 포트폴리오로 연결하기 어렵다라고 느낍니다.
주변에서도 많이 말하는데 지역 청년 입장에서 청년 할인 혜택을 한눈에 알기 어렵당께는 부분이 개선됐으면 한당께당께.,주변에서도 많이 말하는데 지역 청년 입장에서 청년 할인 혜택을 한눈에 알기 어렵다는 부분이 개선됐으면 합니다.
개인적으로 1인 가구 입장에서 혼자 참여하기 좋은 프로그램을 찾기 어렵당께면 좋겠당께,개인적으로 1인 가구 입장에서 혼자 참여하기 좋은 프로그램을 찾기 어렵다면 좋겠습니다.
실제로 이용해보니 지역별 주거비와 교통 접근성을 함께 비교하고 싶당께면 좋겠당께,실제로 이용해보니 지역별 주거비와 교통 접근성을 함께 비교하고 싶다면 좋겠습니다.
실제로 이용해보니 취업준비생 입장에서 내가 어떤 지원을 받을 수 있는지 판단하기 어렵당께당께.,실제로 이용해보니 취업준비생 입장에서 내가 어떤 지원을 받을 수 있는지 판단하기 어렵다.
실제로 이용해보니 직장 위치를 기준으로 살기 좋은 지역을 추천해주면 좋겄네 그리고 주말에는 버스가 너무 뜸하다라고 느끼당께당께.,실제로 이용해보니 직장 위치를 기준으로 살기 좋은 지역을 추천해주면 좋겠다 그리고 주말에는 버스가 너무 뜸하다라고 느낍니다.
광역 교통정보를 한 앱에서 보고 싶다는 의견입니다당께.,광역 교통정보를 한 앱에서 보고 싶다는 의견입니다.
지역에서 생활하면서 지역기업 채용설명회가 실제 취업 준비에 도움이 됐다고 생각한당께당께.,지역에서 생활하면서 지역기업 채용설명회가 실제 취업 준비에 도움이 됐다고 생각합니다.
요즘 느끼는 건 직무전환을 준비하는 사람 입장에서 직장인에게 맞는 야간 교육이 부족한당께라고 느끼당께당께.,요즘 느끼는 건 직무전환을 준비하는 사람 입장에서 직장인에게 맞는 야간 교육이 부족하다라고 느낍니다.
지역에서 생활하면서 프리랜서 입장에서 지원사업 마감일을 자주 놓친다고 생각한당께당께.,지역에서 생활하면서 프리랜서 입장에서 지원사업 마감일을 자주 놓친다고 생각합니다.
개인적으로 졸업예정자 입장에서 괜찮은 일자리가 어디에 있는지 모르겠다라고 느끼당께당께.,개인적으로 졸업예정자 입장에서 괜찮은 일자리가 어디에 있는지 모르겠다라고 느낍니다.
취업을 준비하면서 비전공자 입장에서 어떤 기술부터 배워야 할지 모르겠다는 부분이 개선됐으면 한당께당께.,취업을 준비하면서 비전공자 입장에서 어떤 기술부터 배워야 할지 모르겠다는 부분이 개선됐으면 합니다.
